date,gas_WI,gas_TX,gas_CA,gas_ALL_avg
2011-01-03,3.064,2.933,3.236,3.078
2011-01-10,3.084,2.944,3.261,3.096
2011-01-17,3.089,2.961,3.286,3.112
2011-01-24,3.087,2.975,3.293,3.118
2011-01-31,3.086,2.948,3.299,3.111
2011-02-07,3.124,2.987,3.332,3.148
2011-02-14,3.09,3.008,3.381,3.16
2011-02-21,3.14,3.041,3.481,3.221
2011-02-28,3.367,3.255,3.623,3.415
2011-03-07,3.487,3.405,3.767,3.553
2011-03-14,3.525,3.438,3.841,3.601
2011-03-21,3.517,3.424,3.857,3.599
2011-03-28,3.55,3.459,3.916,3.642
2011-04-04,3.681,3.537,3.951,3.723
2011-04-11,3.805,3.656,4.035,3.832
2011-04-18,3.847,3.713,4.081,3.88
2011-04-25,3.901,3.712,4.098,3.904
2011-05-02,4.01,3.791,4.14,3.98
2011-05-09,3.982,3.804,4.149,3.978
2011-05-16,3.974,3.812,4.117,3.968
2011-05-23,3.817,3.703,4.036,3.852
2011-05-30,3.801,3.623,3.98,3.801
2011-06-06,3.859,3.585,3.931,3.792
2011-06-13,3.725,3.557,3.886,3.723
2011-06-20,3.616,3.508,3.849,3.658
2011-06-27,3.494,3.443,3.793,3.577
2011-07-04,3.595,3.413,3.745,3.584
2011-07-11,3.67,3.503,3.73,3.634
2011-07-18,3.693,3.562,3.746,3.667
2011-07-25,3.694,3.594,3.756,3.681
2011-08-01,3.717,3.6,3.754,3.69
2011-08-08,3.666,3.558,3.745,3.656
2011-08-15,3.583,3.5,3.694,3.592
2011-08-22,3.57,3.473,3.691,3.578
2011-08-29,3.673,3.487,3.749,3.636
2011-09-05,3.711,3.513,3.864,3.696
2011-09-12,3.683,3.492,3.868,3.681
2011-09-19,3.575,3.429,3.856,3.62
2011-09-26,3.432,3.336,3.827,3.532
2011-10-03,3.323,3.268,3.777,3.456
2011-10-10,3.336,3.241,3.754,3.444
2011-10-17,3.414,3.313,3.791,3.506
2011-10-24,3.361,3.31,3.792,3.488
2011-10-31,3.384,3.269,3.776,3.476
2011-11-07,3.339,3.235,3.772,3.449
2011-11-14,3.376,3.239,3.759,3.458
2011-11-21,3.271,3.172,3.708,3.384
2011-11-28,3.189,3.125,3.648,3.321
2011-12-05,3.213,3.097,3.591,3.3
2011-12-12,3.227,3.093,3.548,3.289
2011-12-19,3.147,3.048,3.49,3.228
2011-12-26,3.231,3.055,3.503,3.263
2012-01-02,3.268,3.105,3.546,3.306
2012-01-09,3.356,3.203,3.605,3.388
2012-01-16,3.362,3.213,3.607,3.394
2012-01-23,3.307,3.227,3.623,3.386
2012-01-30,3.349,3.29,3.65,3.43
2012-02-06,3.411,3.357,3.669,3.479
2012-02-13,3.407,3.419,3.727,3.518
2012-02-20,3.464,3.473,3.896,3.611
2012-02-27,3.623,3.552,4.124,3.766
2012-03-05,3.745,3.601,4.196,3.847
2012-03-12,3.809,3.618,4.218,3.882
2012-03-19,3.84,3.672,4.234,3.915
2012-03-26,3.899,3.733,4.242,3.958
2012-04-02,3.905,3.776,4.231,3.971
2012-04-09,3.86,3.805,4.203,3.956
2012-04-16,3.854,3.791,4.171,3.939
2012-04-23,3.774,3.739,4.143,3.885
2012-04-30,3.749,3.677,4.121,3.849
2012-05-07,3.721,3.615,4.135,3.824
2012-05-14,3.641,3.548,4.255,3.815
2012-05-21,3.626,3.481,4.242,3.783
2012-05-28,3.591,3.41,4.227,3.743
2012-06-04,3.519,3.363,4.185,3.689
2012-06-11,3.539,3.308,4.093,3.647
2012-06-18,3.561,3.267,3.964,3.597
2012-06-25,3.431,3.191,3.823,3.482
2012-07-02,3.323,3.117,3.715,3.385
2012-07-09,3.442,3.15,3.672,3.421
2012-07-16,3.42,3.181,3.674,3.425
2012-07-23,3.482,3.273,3.715,3.49
2012-07-30,3.515,3.298,3.708,3.507
2012-08-06,3.772,3.406,3.758,3.645
2012-08-13,3.788,3.482,3.948,3.739
2012-08-20,3.761,3.544,4.002,3.769
2012-08-27,3.778,3.591,4.04,3.803
2012-09-03,3.875,3.642,4.073,3.863
2012-09-10,3.86,3.642,4.083,3.862
2012-09-17,3.893,3.663,4.074,3.877
2012-09-24,3.813,3.606,4.065,3.828
2012-10-01,3.784,3.567,4.081,3.811
2012-10-08,3.772,3.542,4.409,3.908
2012-10-15,3.685,3.553,4.391,3.876
2012-10-22,3.487,3.456,4.245,3.729
2012-10-29,3.391,3.348,4.045,3.595
2012-11-05,3.323,3.285,3.899,3.502
2012-11-12,3.331,3.222,3.783,3.445
2012-11-19,3.344,3.182,3.707,3.411
2012-11-26,3.387,3.192,3.668,3.416
2012-12-03,3.32,3.178,3.615,3.371
2012-12-10,3.284,3.136,3.544,3.321
2012-12-17,3.144,3.059,3.457,3.22
2012-12-24,3.173,3.063,3.427,3.221
2012-12-31,3.221,3.112,3.457,3.263
2013-01-07,3.143,3.159,3.488,3.263
2013-01-14,3.156,3.158,3.491,3.268
2013-01-21,3.224,3.147,3.503,3.291
2013-01-28,3.289,3.156,3.545,3.33
2013-02-04,3.513,3.326,3.738,3.526
2013-02-11,3.582,3.378,3.867,3.609
2013-02-18,3.763,3.536,3.973,3.757
2013-02-25,3.735,3.615,4.053,3.801
2013-03-04,3.709,3.57,4.069,3.783
2013-03-11,3.618,3.537,4.049,3.735
2013-03-18,3.645,3.512,4.007,3.721
2013-03-25,3.657,3.479,3.962,3.699
2013-04-01,3.597,3.46,3.945,3.667
2013-04-08,3.553,3.417,3.928,3.633
2013-04-15,3.456,3.348,3.888,3.564
2013-04-22,3.546,3.307,3.836,3.563
2013-04-29,3.554,3.281,3.8,3.545
2013-05-06,3.608,3.284,3.811,3.568
2013-05-13,3.678,3.359,3.938,3.658
2013-05-20,3.866,3.377,3.952,3.732
2013-05-27,3.779,3.356,3.933,3.689
2013-06-03,3.838,3.331,3.889,3.686
2013-06-10,3.868,3.332,3.878,3.693
2013-06-17,3.738,3.374,3.888,3.667
2013-06-24,3.546,3.359,3.948,3.618
2013-07-01,3.394,3.296,3.892,3.527
2013-07-08,3.409,3.284,3.875,3.523
2013-07-15,3.639,3.428,3.925,3.664
2013-07-22,3.66,3.491,3.954,3.702
2013-07-29,3.575,3.46,3.929,3.655
2013-08-05,3.589,3.431,3.887,3.636
2013-08-12,3.478,3.376,3.84,3.565
2013-08-19,3.501,3.364,3.778,3.548
2013-08-26,3.524,3.37,3.745,3.546
2013-09-02,3.633,3.413,3.75,3.599
2013-09-09,3.574,3.384,3.797,3.585
2013-09-16,3.489,3.312,3.9,3.567
2013-09-23,3.456,3.244,3.866,3.522
2013-09-30,3.348,3.186,3.802,3.445
2013-10-07,3.275,3.137,3.737,3.383
2013-10-14,3.295,3.121,3.684,3.367
2013-10-21,3.314,3.134,3.655,3.368
2013-10-28,3.198,3.083,3.609,3.297
2013-11-04,3.188,3.038,3.564,3.263
2013-11-11,3.074,2.987,3.507,3.189
2013-11-18,3.126,3.006,3.467,3.2
2013-11-25,3.191,3.136,3.457,3.261
2013-12-02,3.121,3.122,3.475,3.239
2013-12-09,3.132,3.102,3.477,3.237
2013-12-16,3.079,3.053,3.472,3.201
2013-12-23,3.16,3.051,3.483,3.231
2013-12-30,3.264,3.109,3.526,3.3
2014-01-06,3.222,3.115,3.547,3.295
2014-01-13,3.253,3.106,3.526,3.295
2014-01-20,3.2,3.101,3.492,3.264
2014-01-27,3.219,3.094,3.486,3.266
2014-02-03,3.233,3.087,3.492,3.271
2014-02-10,3.282,3.091,3.517,3.297
2014-02-17,3.357,3.171,3.572,3.367
2014-02-24,3.439,3.217,3.652,3.436
2014-03-03,3.496,3.224,3.708,3.476
2014-03-10,3.538,3.243,3.755,3.512
2014-03-17,3.574,3.273,3.81,3.552
2014-03-24,3.551,3.3,3.823,3.558
2014-03-31,3.589,3.32,3.852,3.587
2014-04-07,3.578,3.378,3.88,3.612
2014-04-14,3.633,3.458,3.977,3.689
2014-04-21,3.64,3.485,4.027,3.717
2014-04-28,3.662,3.491,4.073,3.742
2014-05-05,3.595,3.472,4.055,3.707
2014-05-12,3.596,3.442,4.022,3.687
2014-05-19,3.611,3.433,4.015,3.686
2014-05-26,3.651,3.428,4.004,3.694
2014-06-02,3.713,3.426,4.007,3.715
2014-06-09,3.692,3.411,3.995,3.699
2014-06-16,3.714,3.425,3.999,3.713
2014-06-23,3.693,3.484,4.011,3.729
2014-06-30,3.671,3.475,4.036,3.727
2014-07-07,3.614,3.461,4.037,3.704
2014-07-14,3.539,3.434,4.001,3.658
2014-07-21,3.497,3.396,3.957,3.617
2014-07-28,3.409,3.35,3.922,3.56
2014-08-04,3.416,3.31,3.891,3.539
2014-08-11,3.451,3.28,3.87,3.534
2014-08-18,3.395,3.258,3.845,3.499
2014-08-25,3.397,3.237,3.825,3.486
2014-09-01,3.432,3.218,3.797,3.482
2014-09-08,3.438,3.213,3.774,3.475
2014-09-15,3.357,3.168,3.741,3.422
2014-09-22,3.275,3.126,3.683,3.361
2014-09-29,3.299,3.142,3.645,3.362
2014-10-06,3.195,3.109,3.61,3.305
2014-10-13,3.084,3.013,3.536,3.211
2014-10-20,3.028,2.921,3.424,3.124
2014-10-27,3.017,2.841,3.324,3.061
2014-11-03,2.959,2.786,3.237,2.994
2014-11-10,2.906,2.743,3.168,2.939
2014-11-17,2.856,2.67,3.114,2.88
2014-11-24,2.762,2.594,3.048,2.801
2014-12-01,2.715,2.539,3.016,2.757
2014-12-08,2.586,2.447,2.94,2.658
2014-12-15,2.417,2.338,2.833,2.529
2014-12-22,2.224,2.2,2.699,2.374
2014-12-29,2.088,2.088,2.617,2.264
2015-01-05,1.974,2.012,2.582,2.189
2015-01-12,1.95,1.93,2.49,2.123
2015-01-19,1.918,1.858,2.382,2.053
2015-01-26,1.936,1.849,2.329,2.038
2015-02-02,2.029,1.865,2.328,2.074
2015-02-09,2.166,1.989,2.474,2.21
2015-02-16,2.237,2.081,2.622,2.313
2015-02-23,2.274,2.118,2.758,2.383
2015-03-02,2.378,2.217,3.13,2.575
2015-03-09,2.339,2.23,3.182,2.584
2015-03-16,2.285,2.221,3.116,2.541
2015-03-23,2.391,2.181,3.047,2.54
2015-03-30,2.378,2.179,3.0,2.519
2015-04-06,2.312,2.167,2.954,2.478
2015-04-13,2.303,2.17,2.922,2.465
2015-04-20,2.397,2.233,2.968,2.533
2015-04-27,2.439,2.301,3.182,2.641
2015-05-04,2.499,2.375,3.416,2.763
2015-05-11,2.508,2.424,3.444,2.792
2015-05-18,2.597,2.463,3.513,2.858
2015-05-25,2.655,2.486,3.487,2.876
2015-06-01,2.694,2.487,3.444,2.875
2015-06-08,2.677,2.526,3.377,2.86
2015-06-15,2.794,2.579,3.334,2.902
2015-06-22,2.743,2.565,3.329,2.879
2015-06-29,2.736,2.535,3.309,2.86
2015-07-06,2.736,2.514,3.297,2.849
2015-07-13,2.721,2.515,3.589,2.942
2015-07-20,2.671,2.478,3.604,2.918
2015-07-27,2.583,2.427,3.545,2.852
2015-08-03,2.518,2.381,3.48,2.793
2015-08-10,2.474,2.326,3.361,2.72
2015-08-17,2.79,2.333,3.363,2.829
2015-08-24,2.669,2.286,3.283,2.746
2015-08-31,2.468,2.191,3.162,2.607
2015-09-07,2.345,2.141,3.091,2.526
2015-09-14,2.28,2.097,2.992,2.456
2015-09-21,2.271,2.027,2.911,2.403
2015-09-28,2.325,2.023,2.836,2.395
2015-10-05,2.352,2.037,2.785,2.391
2015-10-12,2.405,2.059,2.748,2.404
2015-10-19,2.3,2.011,2.699,2.337
2015-10-26,2.228,1.952,2.677,2.286
2015-11-02,2.268,1.924,2.646,2.279
2015-11-09,2.215,1.981,2.667,2.288
2015-11-16,2.085,1.931,2.636,2.217
2015-11-23,1.935,1.86,2.579,2.125
2015-11-30,1.877,1.833,2.551,2.087
2015-12-07,1.89,1.817,2.537,2.081
2015-12-14,1.901,1.789,2.514,2.068
2015-12-21,1.846,1.779,2.57,2.065
2015-12-28,1.873,1.758,2.63,2.087
2016-01-04,1.86,1.75,2.663,2.091
2016-01-11,1.821,1.722,2.63,2.058
2016-01-18,1.712,1.674,2.523,1.97
2016-01-25,1.63,1.628,2.459,1.906
2016-02-01,1.622,1.596,2.375,1.864
2016-02-08,1.518,1.568,2.312,1.799
2016-02-15,1.522,1.536,2.217,1.758
2016-02-22,1.609,1.536,2.141,1.762
2016-02-29,1.722,1.565,2.208,1.832
2016-03-07,1.815,1.603,2.244,1.887
2016-03-14,1.929,1.751,2.394,2.025
2016-03-21,1.939,1.805,2.48,2.075
2016-03-28,1.957,1.858,2.57,2.128
2016-04-04,1.988,1.858,2.58,2.142
2016-04-11,1.965,1.827,2.563,2.118
2016-04-18,2.057,1.907,2.591,2.185
2016-04-25,2.097,1.914,2.596,2.202
2016-05-02,2.183,2.006,2.635,2.275
2016-05-09,2.116,1.995,2.634,2.248
2016-05-16,2.178,1.991,2.644,2.271
2016-05-23,2.28,2.06,2.658,2.333
2016-05-30,2.34,2.091,2.673,2.368
2016-06-06,2.409,2.137,2.698,2.415
2016-06-13,2.466,2.13,2.721,2.439
2016-06-20,2.37,2.094,2.72,2.395
2016-06-27,2.291,2.091,2.764,2.382
