feature,model,method,sens_pct,sub_method,dir_pct,dir_abs,var_pct
item_category,LSTM,DeepLIFT,28.758919,base,31.202745,3.7e-06,32.811634
day_of_week,LSTM,DeepLIFT,21.027088,base,-1.409894,-1.67e-07,11.186664
state_ur,LSTM,DeepLIFT,15.814617,base,3.3670359,3.99e-07,17.962433
state_cpi,LSTM,DeepLIFT,7.102868,base,-5.5628953,-6.6e-07,6.950797
consumer_sentiment,LSTM,DeepLIFT,5.7673383,base,6.9331183,8.22e-07,8.8893175
state_gas_price,LSTM,DeepLIFT,4.86471,base,-7.0732517,-8.39e-07,5.9797716
month,LSTM,DeepLIFT,4.807304,base,-5.5280523,-6.55e-07,5.0301127
state_snap,LSTM,DeepLIFT,4.466481,base,49.178158,5.83e-06,2.7951279
day_of_month,LSTM,DeepLIFT,4.0061,base,31.252104,3.71e-06,3.5209477
event_type_1,LSTM,DeepLIFT,1.1505795,base,2.9298298,3.47e-07,1.1531763
event_name_1,LSTM,DeepLIFT,0.86391485,base,1.6925917,2.01e-07,1.2299752
sell_price,LSTM,DeepLIFT,0.80447596,base,1.6117798,1.91e-07,0.6984797
state_ur_mom_delta,LSTM,DeepLIFT,0.3169634,base,-5.3495073,-6.34e-07,1.3130082
state_gas_wow_delta,LSTM,DeepLIFT,0.15146293,base,-1.6506884,-1.96e-07,0.117605984
state_cpi_mom_delta,LSTM,DeepLIFT,0.097179286,base,-1.5930613,-1.89e-07,0.3609519
event_name_2,LSTM,DeepLIFT,0.0,base,0.0,0.0,0.0
event_type_2,LSTM,DeepLIFT,0.0,base,0.0,0.0,0.0
day_of_week,LSTM,DeepLIFT,29.251076,baseNoCats,-2.1666253,-1.75e-07,16.297771
state_ur,LSTM,DeepLIFT,22.428122,baseNoCats,4.839981,3.9e-07,26.936684
state_cpi,LSTM,DeepLIFT,10.044522,baseNoCats,-8.148144,-6.57e-07,10.423612
consumer_sentiment,LSTM,DeepLIFT,8.16035,baseNoCats,10.394748,8.39e-07,13.381349
state_gas_price,LSTM,DeepLIFT,6.8469257,baseNoCats,-10.334282,-8.34e-07,8.960873
month,LSTM,DeepLIFT,6.8372436,baseNoCats,-8.075044,-6.51e-07,7.5435905
state_snap,LSTM,DeepLIFT,6.20853,baseNoCats,71.11128,5.74e-06,4.1681895
day_of_month,LSTM,DeepLIFT,5.5716596,baseNoCats,45.455135,3.67e-06,5.2398467
event_type_1,LSTM,DeepLIFT,1.5930206,baseNoCats,4.299633,3.47e-07,1.6753966
event_name_1,LSTM,DeepLIFT,1.1287966,baseNoCats,2.5098898,2.02e-07,1.6534437
sell_price,LSTM,DeepLIFT,1.1256173,baseNoCats,2.7392523,2.21e-07,1.0351768
state_ur_mom_delta,LSTM,DeepLIFT,0.45002028,baseNoCats,-7.8452334,-6.33e-07,1.9675431
state_gas_wow_delta,LSTM,DeepLIFT,0.21553594,baseNoCats,-2.4357827,-1.96e-07,0.17604771
state_cpi_mom_delta,LSTM,DeepLIFT,0.138595,baseNoCats,-2.3448086,-1.89e-07,0.5404776
event_name_2,LSTM,DeepLIFT,0.0,baseNoCats,0.0,0.0,0.0
event_type_2,LSTM,DeepLIFT,0.0,baseNoCats,0.0,0.0,0.0
item_category,LSTM,DeepLIFT,29.66759,FOODS,28.970173,3.92e-06,33.339497
day_of_week,LSTM,DeepLIFT,20.65417,FOODS,-1.289547,-1.74e-07,11.957714
state_ur,LSTM,DeepLIFT,15.702744,FOODS,3.8323457,5.18e-07,18.10715
state_cpi,LSTM,DeepLIFT,7.007649,FOODS,-5.0640774,-6.84e-07,6.952426
consumer_sentiment,LSTM,DeepLIFT,5.8180594,FOODS,6.635323,8.97e-07,9.004336
state_snap,LSTM,DeepLIFT,4.92399,FOODS,48.150177,6.51e-06,2.8578706
month,LSTM,DeepLIFT,4.6445074,FOODS,-4.6622415,-6.3e-07,5.009058
state_gas_price,LSTM,DeepLIFT,4.558972,FOODS,-6.54117,-8.84e-07,5.968873
day_of_month,LSTM,DeepLIFT,3.8536038,FOODS,28.672165,3.88e-06,3.4353447
event_type_1,LSTM,DeepLIFT,1.0912162,FOODS,2.8641112,3.87e-07,1.1914809
event_name_1,LSTM,DeepLIFT,0.8852732,FOODS,1.4517907,1.96e-07,1.2463055
sell_price,LSTM,DeepLIFT,0.669488,FOODS,4.039128,5.46e-07,0.4937186
state_ur_mom_delta,LSTM,DeepLIFT,0.29393002,FOODS,-4.4805784,-6.06e-07,0.30118737
state_gas_wow_delta,LSTM,DeepLIFT,0.1418488,FOODS,-1.2764298,-1.73e-07,0.108694725
state_cpi_mom_delta,LSTM,DeepLIFT,0.08695387,FOODS,-1.3011621,-1.76e-07,0.026347319
event_name_2,LSTM,DeepLIFT,0.0,FOODS,0.0,0.0,0.0
event_type_2,LSTM,DeepLIFT,0.0,FOODS,0.0,0.0,0.0
day_of_week,LSTM,DeepLIFT,27.339067,HOBBIES,-2.0311735,-1.53e-07,14.586565
state_ur,LSTM,DeepLIFT,21.006607,HOBBIES,5.1278567,3.86e-07,24.408766
state_cpi,LSTM,DeepLIFT,9.427041,HOBBIES,-8.628433,-6.5e-07,9.469238
consumer_sentiment,LSTM,DeepLIFT,7.6264033,HOBBIES,10.548887,7.95e-07,12.130293
state_gas_price,LSTM,DeepLIFT,6.4706845,HOBBIES,-10.846743,-8.17e-07,8.141721
month,LSTM,DeepLIFT,6.4195604,HOBBIES,-8.646575,-6.52e-07,6.8479834
item_category,LSTM,DeepLIFT,5.87905,HOBBIES,-0.9294479,-7e-08,6.372485
state_snap,LSTM,DeepLIFT,5.740994,HOBBIES,74.727165,5.63e-06,3.7695158
day_of_month,LSTM,DeepLIFT,5.222582,HOBBIES,48.027752,3.62e-06,4.734551
event_type_1,LSTM,DeepLIFT,1.4995948,HOBBIES,4.4863067,3.38e-07,1.5017188
sell_price,LSTM,DeepLIFT,1.4283929,HOBBIES,1.6816556,1.27e-07,1.2854381
event_name_1,LSTM,DeepLIFT,1.0492395,HOBBIES,2.7116473,2.04e-07,1.481997
state_ur_mom_delta,LSTM,DeepLIFT,0.52745336,HOBBIES,-10.448237,-7.87e-07,3.9803941
state_gas_wow_delta,LSTM,DeepLIFT,0.20242491,HOBBIES,-2.6420758,-1.99e-07,0.15122038
state_cpi_mom_delta,LSTM,DeepLIFT,0.16090159,HOBBIES,-3.1385865,-2.37e-07,1.1381152
event_name_2,LSTM,DeepLIFT,0.0,HOBBIES,0.0,0.0,0.0
event_type_2,LSTM,DeepLIFT,0.0,HOBBIES,0.0,0.0,0.0
item_category,LSTM,DeepLIFT,36.086784,HOUSEHOLD,45.669518,5.42e-06,37.687115
day_of_week,LSTM,DeepLIFT,19.174698,HOUSEHOLD,-1.3158222,-1.56e-07,9.885318
state_ur,LSTM,DeepLIFT,14.015924,HOUSEHOLD,1.902924,2.26e-07,17.070637
state_cpi,LSTM,DeepLIFT,6.3908167,HOUSEHOLD,-5.224324,-6.21e-07,6.751233
consumer_sentiment,LSTM,DeepLIFT,4.9908767,HOUSEHOLD,6.1588993,7.32e-07,8.353373
state_gas_price,LSTM,DeepLIFT,4.6761265,HOUSEHOLD,-6.716091,-7.98e-07,5.792634
month,LSTM,DeepLIFT,4.412899,HOUSEHOLD,-5.7932224,-6.88e-07,4.868452
day_of_month,LSTM,DeepLIFT,3.7529912,HOUSEHOLD,29.311731,3.48e-06,3.5203152
state_snap,LSTM,DeepLIFT,3.3882153,HOUSEHOLD,42.32017,5.03e-06,2.6074238
event_type_1,LSTM,DeepLIFT,1.0972371,HOUSEHOLD,2.511359,2.98e-07,1.0776099
event_name_1,LSTM,DeepLIFT,0.7668594,HOUSEHOLD,1.7235,2.05e-07,1.22539
sell_price,LSTM,DeepLIFT,0.74671066,HOUSEHOLD,-2.1693966,-2.58e-07,0.73624665
state_ur_mom_delta,LSTM,DeepLIFT,0.2679631,HOUSEHOLD,-4.9594803,-5.89e-07,0.27788803
state_gas_wow_delta,LSTM,DeepLIFT,0.14501086,HOUSEHOLD,-1.8952893,-2.25e-07,0.12317301
state_cpi_mom_delta,LSTM,DeepLIFT,0.08688833,HOUSEHOLD,-1.5244707,-1.81e-07,0.02319243
event_name_2,LSTM,DeepLIFT,0.0,HOUSEHOLD,0.0,0.0,0.0
event_type_2,LSTM,DeepLIFT,0.0,HOUSEHOLD,0.0,0.0,0.0
item_category,LSTM,IntegratedGradients,29.893728,base,33.83776,1.81e-06,36.42888
day_of_week,LSTM,IntegratedGradients,22.012045,base,-1.9617906,-1.05e-07,11.039252
state_ur,LSTM,IntegratedGradients,16.840736,base,3.3174813,1.78e-07,19.914783
state_cpi,LSTM,IntegratedGradients,7.386267,base,-6.2081814,-3.33e-07,6.733803
consumer_sentiment,LSTM,IntegratedGradients,5.392328,base,7.856168,4.21e-07,8.183679
state_gas_price,LSTM,IntegratedGradients,4.8400497,base,-7.8126035,-4.19e-07,5.5465994
month,LSTM,IntegratedGradients,4.4615097,base,-6.1555195,-3.3e-07,3.8151047
state_snap,LSTM,IntegratedGradients,3.3198462,base,54.04128,2.9e-06,1.5929265
day_of_month,LSTM,IntegratedGradients,2.976985,base,35.01699,1.88e-06,2.532705
event_type_1,LSTM,IntegratedGradients,1.0008502,base,3.2553787,1.75e-07,0.8657944
sell_price,LSTM,IntegratedGradients,0.8017164,base,1.8096404,9.71e-08,0.63024974
event_name_1,LSTM,IntegratedGradients,0.46342427,base,1.8770611,1.01e-07,0.5876372
state_ur_mom_delta,LSTM,IntegratedGradients,0.34378165,base,-11.703938,-6.28e-07,1.5489147
state_gas_wow_delta,LSTM,IntegratedGradients,0.16087085,base,-3.680802,-1.97e-07,0.12870987
state_cpi_mom_delta,LSTM,IntegratedGradients,0.10586044,base,-3.4889288,-1.87e-07,0.45095378
event_name_2,LSTM,IntegratedGradients,0.0,base,0.0,0.0,0.0
event_type_2,LSTM,IntegratedGradients,0.0,base,0.0,0.0,0.0
day_of_week,LSTM,IntegratedGradients,31.241295,baseNoCats,-3.0490122,-1.08e-07,17.251158
state_ur,LSTM,IntegratedGradients,24.144073,baseNoCats,5.022072,1.77e-07,31.469976
state_cpi,LSTM,IntegratedGradients,10.585524,baseNoCats,-9.486602,-3.35e-07,10.644605
consumer_sentiment,LSTM,IntegratedGradients,7.723489,baseNoCats,11.983623,4.23e-07,12.950295
state_gas_price,LSTM,IntegratedGradients,6.911951,baseNoCats,-11.867602,-4.19e-07,8.746343
month,LSTM,IntegratedGradients,6.407421,baseNoCats,-9.373905,-3.31e-07,6.018951
state_snap,LSTM,IntegratedGradients,4.7024584,baseNoCats,81.49942,2.87e-06,2.483555
day_of_month,LSTM,IntegratedGradients,4.2222533,baseNoCats,52.992207,1.87e-06,3.9553564
event_type_1,LSTM,IntegratedGradients,1.4312692,baseNoCats,4.9483395,1.75e-07,1.339259
sell_price,LSTM,IntegratedGradients,1.1442013,baseNoCats,3.174113,1.12e-07,0.9866517
event_name_1,LSTM,IntegratedGradients,0.6099877,baseNoCats,2.8667736,1.01e-07,0.785168
state_ur_mom_delta,LSTM,IntegratedGradients,0.4909646,baseNoCats,-17.759827,-6.26e-07,2.4527907
state_gas_wow_delta,LSTM,IntegratedGradients,0.23253147,baseNoCats,-5.6188955,-1.98e-07,0.20323387
state_cpi_mom_delta,LSTM,IntegratedGradients,0.15258116,baseNoCats,-5.3307123,-1.88e-07,0.71265686
event_name_2,LSTM,IntegratedGradients,0.0,baseNoCats,0.0,0.0,0.0
event_type_2,LSTM,IntegratedGradients,0.0,baseNoCats,0.0,0.0,0.0
item_category,LSTM,IntegratedGradients,31.290955,FOODS,33.2661,2.15e-06,36.60347
day_of_week,LSTM,IntegratedGradients,21.408855,FOODS,-1.6784717,-1.08e-07,11.625302
state_ur,LSTM,IntegratedGradients,16.648016,FOODS,3.4887002,2.25e-07,20.455463
state_cpi,LSTM,IntegratedGradients,7.277368,FOODS,-5.310242,-3.43e-07,6.940932
consumer_sentiment,LSTM,IntegratedGradients,5.374459,FOODS,6.8806677,4.44e-07,8.318979
state_gas_price,LSTM,IntegratedGradients,4.595507,FOODS,-6.701818,-4.33e-07,5.6322083
month,LSTM,IntegratedGradients,4.3356442,FOODS,-5.002101,-3.23e-07,3.858836
state_snap,LSTM,IntegratedGradients,3.5925646,FOODS,48.213882,3.11e-06,1.68868
day_of_month,LSTM,IntegratedGradients,2.8610532,FOODS,29.865126,1.93e-06,2.4811647
event_type_1,LSTM,IntegratedGradients,0.94207144,FOODS,2.9124255,1.88e-07,0.93439734
sell_price,LSTM,IntegratedGradients,0.6611773,FOODS,7.4100285,4.79e-07,0.43811053
event_name_1,LSTM,IntegratedGradients,0.44419616,FOODS,1.5217979,9.83e-08,0.5218056
state_ur_mom_delta,LSTM,IntegratedGradients,0.3186906,FOODS,-9.27527,-5.99e-07,0.34880996
state_gas_wow_delta,LSTM,IntegratedGradients,0.15340355,FOODS,-2.8491015,-1.84e-07,0.12287566
state_cpi_mom_delta,LSTM,IntegratedGradients,0.09603365,FOODS,-2.741727,-1.77e-07,0.028966207
event_name_2,LSTM,IntegratedGradients,0.0,FOODS,0.0,0.0,0.0
event_type_2,LSTM,IntegratedGradients,0.0,FOODS,0.0,0.0,0.0
day_of_week,LSTM,IntegratedGradients,28.857697,HOBBIES,-3.3583033,-1.01e-07,14.981929
state_ur,LSTM,IntegratedGradients,22.643112,HOBBIES,5.8758335,1.78e-07,28.161156
state_cpi,LSTM,IntegratedGradients,9.8916025,HOBBIES,-11.127168,-3.36e-07,9.53278
consumer_sentiment,LSTM,IntegratedGradients,7.202644,HOBBIES,13.656213,4.13e-07,11.536392
state_gas_price,LSTM,IntegratedGradients,6.536649,HOBBIES,-13.560365,-4.1e-07,7.81113
item_category,LSTM,IntegratedGradients,6.369759,HOBBIES,-1.8580377,-5.61e-08,7.281792
month,LSTM,IntegratedGradients,5.98803,HOBBIES,-10.912839,-3.3e-07,5.369192
state_snap,LSTM,IntegratedGradients,4.253883,HOBBIES,94.10454,2.84e-06,2.168375
day_of_month,LSTM,IntegratedGradients,3.9479766,HOBBIES,61.286163,1.85e-06,3.5490143
sell_price,LSTM,IntegratedGradients,1.455676,HOBBIES,-2.489815,-7.52e-08,1.2084141
event_type_1,LSTM,IntegratedGradients,1.3188794,HOBBIES,5.7307477,1.73e-07,1.2023971
state_ur_mom_delta,LSTM,IntegratedGradients,0.5785735,HOBBIES,-26.198233,-7.91e-07,4.864833
event_name_1,LSTM,IntegratedGradients,0.5640439,HOBBIES,3.3404403,1.01e-07,0.7203267
state_gas_wow_delta,LSTM,IntegratedGradients,0.21417215,HOBBIES,-6.5472374,-1.98e-07,0.16720527
state_cpi_mom_delta,LSTM,IntegratedGradients,0.17729633,HOBBIES,-7.9419255,-2.4e-07,1.4450611
event_name_2,LSTM,IntegratedGradients,0.0,HOBBIES,0.0,0.0,0.0
event_type_2,LSTM,IntegratedGradients,0.0,HOBBIES,0.0,0.0,0.0
item_category,LSTM,IntegratedGradients,37.97879,HOUSEHOLD,46.284058,2.34e-06,42.26875
day_of_week,LSTM,IntegratedGradients,19.496891,HOUSEHOLD,-1.9955307,-1.01e-07,9.673199
state_ur,LSTM,IntegratedGradients,14.941104,HOUSEHOLD,2.3952956,1.21e-07,18.6095
state_cpi,LSTM,IntegratedGradients,6.568518,HOUSEHOLD,-6.3794875,-3.22e-07,6.4636035
consumer_sentiment,LSTM,IntegratedGradients,4.686762,HOUSEHOLD,7.7173414,3.89e-07,7.5732017
state_gas_price,LSTM,IntegratedGradients,4.534874,HOUSEHOLD,-7.9663715,-4.02e-07,5.3039765
month,LSTM,IntegratedGradients,4.0348625,HOUSEHOLD,-6.7545457,-3.41e-07,3.6465435
day_of_month,LSTM,IntegratedGradients,2.7206213,HOUSEHOLD,35.70748,1.8e-06,2.5163481
state_snap,LSTM,IntegratedGradients,2.4418232,HOUSEHOLD,51.94772,2.62e-06,1.3618188
event_type_1,LSTM,IntegratedGradients,0.9093167,HOUSEHOLD,3.1042166,1.57e-07,0.794027
sell_price,LSTM,IntegratedGradients,0.7296499,HOUSEHOLD,-6.6195803,-3.34e-07,0.64832693
event_name_1,LSTM,IntegratedGradients,0.4305428,HOUSEHOLD,2.0246425,1.02e-07,0.6676905
state_ur_mom_delta,LSTM,IntegratedGradients,0.28831765,HOUSEHOLD,-11.719586,-5.91e-07,0.3163224
state_gas_wow_delta,LSTM,IntegratedGradients,0.14714298,HOUSEHOLD,-4.1844187,-2.11e-07,0.13132384
state_cpi_mom_delta,LSTM,IntegratedGradients,0.0907868,HOUSEHOLD,-3.561224,-1.8e-07,0.025371736
event_name_2,LSTM,IntegratedGradients,0.0,HOUSEHOLD,0.0,0.0,0.0
event_type_2,LSTM,IntegratedGradients,0.0,HOUSEHOLD,0.0,0.0,0.0
item_category,LSTM,GradientSHAP,29.888535,base,-3.0955138,3.46e-08,36.08166
day_of_week,LSTM,GradientSHAP,23.034288,base,-36.028473,4.02e-07,11.544214
state_ur,LSTM,GradientSHAP,16.644207,base,57.54187,-6.43e-07,19.983513
state_cpi,LSTM,GradientSHAP,7.4425564,base,1.3990868,-1.56e-08,6.7033896
consumer_sentiment,LSTM,GradientSHAP,5.5145245,base,-28.298786,3.16e-07,8.081573
state_gas_price,LSTM,GradientSHAP,4.960122,base,49.806946,-5.56e-07,5.5407805
month,LSTM,GradientSHAP,4.45303,base,18.872885,-2.11e-07,3.815427
day_of_month,LSTM,GradientSHAP,3.041903,base,-11.902348,1.33e-07,2.4948363
state_snap,LSTM,GradientSHAP,2.7060177,base,29.495182,-3.29e-07,1.6236448
event_type_1,LSTM,GradientSHAP,0.9512091,base,6.6807213,-7.46e-08,0.8693032
sell_price,LSTM,GradientSHAP,0.7995574,base,16.440062,-1.84e-07,0.6251665
event_name_1,LSTM,GradientSHAP,0.53189164,base,-4.9571695,5.54e-08,0.6016877
state_ur_mom_delta,LSTM,GradientSHAP,0.022053804,base,3.089389,-3.45e-08,1.4695655
state_cpi_mom_delta,LSTM,GradientSHAP,0.006084628,base,1.0241826,-1.14e-08,0.4402721
state_gas_wow_delta,LSTM,GradientSHAP,0.004018482,base,-0.06803269,7.6e-10,0.12497861
event_name_2,LSTM,GradientSHAP,0.0,base,0.0,0.0,0.0
event_type_2,LSTM,GradientSHAP,0.0,base,0.0,0.0,0.0
day_of_week,LSTM,GradientSHAP,31.625902,baseNoCats,25.623646,-3.56e-07,16.945158
state_ur,LSTM,GradientSHAP,24.428541,baseNoCats,59.47312,-8.26e-07,31.42375
state_cpi,LSTM,GradientSHAP,10.817244,baseNoCats,9.694388,-1.35e-07,10.648977
consumer_sentiment,LSTM,GradientSHAP,7.9503016,baseNoCats,-22.976267,3.19e-07,12.92378
state_gas_price,LSTM,GradientSHAP,7.009488,baseNoCats,31.642643,-4.39e-07,8.762727
month,LSTM,GradientSHAP,6.423622,baseNoCats,5.28746,-7.34e-08,6.048963
day_of_month,LSTM,GradientSHAP,4.2564273,baseNoCats,-9.191341,1.28e-07,3.93228
state_snap,LSTM,GradientSHAP,3.9408169,baseNoCats,11.824471,-1.64e-07,2.6330886
event_type_1,LSTM,GradientSHAP,1.3822979,baseNoCats,2.8499207,-3.96e-08,1.3503815
sell_price,LSTM,GradientSHAP,1.1597333,baseNoCats,4.3292704,-6.01e-08,0.9895593
event_name_1,LSTM,GradientSHAP,0.6930576,baseNoCats,-3.5627804,4.95e-08,0.79345256
state_ur_mom_delta,LSTM,GradientSHAP,0.24260971,baseNoCats,-17.366999,2.41e-07,2.616511
state_gas_wow_delta,LSTM,GradientSHAP,0.061132584,baseNoCats,1.5447763,-2.14e-08,0.22581483
state_cpi_mom_delta,LSTM,GradientSHAP,0.008831244,baseNoCats,0.82770383,-1.15e-08,0.7055503
event_name_2,LSTM,GradientSHAP,0.0,baseNoCats,0.0,0.0,0.0
event_type_2,LSTM,GradientSHAP,0.0,baseNoCats,0.0,0.0,0.0
day_of_week,LSTM,GradientSHAP,31.732386,FOODS,-6.6077456,5.18e-08,19.360693
state_ur,LSTM,GradientSHAP,24.190832,FOODS,67.82592,-5.31e-07,31.775919
state_cpi,LSTM,GradientSHAP,10.778251,FOODS,22.560871,-1.77e-07,10.97723
consumer_sentiment,LSTM,GradientSHAP,8.27407,FOODS,-47.18366,3.7e-07,13.02704
state_gas_price,LSTM,GradientSHAP,6.518213,FOODS,49.929844,-3.91e-07,8.761462
month,LSTM,GradientSHAP,6.137954,FOODS,11.130702,-8.72e-08,5.975634
state_snap,LSTM,GradientSHAP,5.0832276,FOODS,6.9314694,-5.43e-08,2.8587506
day_of_month,LSTM,GradientSHAP,4.3960905,FOODS,-12.239607,9.59e-08,3.7511208
event_type_1,LSTM,GradientSHAP,1.3232214,FOODS,6.2981153,-4.93e-08,1.6969448
event_name_1,LSTM,GradientSHAP,0.80938566,FOODS,-0.50034314,3.92e-09,0.9787608
sell_price,LSTM,GradientSHAP,0.7516307,FOODS,1.9567457,-1.53e-08,0.65917325
state_gas_wow_delta,LSTM,GradientSHAP,0.004734076,FOODS,-0.10230448,8.01e-10,0.17727087
state_ur_mom_delta,LSTM,GradientSHAP,0.0,FOODS,0.0,0.0,0.0
state_cpi_mom_delta,LSTM,GradientSHAP,0.0,FOODS,0.0,0.0,0.0
event_type_2,LSTM,GradientSHAP,0.0,FOODS,0.0,0.0,0.0
event_name_2,LSTM,GradientSHAP,0.0,FOODS,0.0,0.0,0.0
item_category,LSTM,GradientSHAP,0.0,FOODS,0.0,0.0,0.0
day_of_week,LSTM,GradientSHAP,30.55513,HOBBIES,-13.838947,9.52e-08,15.266345
state_ur,LSTM,GradientSHAP,24.544348,HOBBIES,84.97214,-5.85e-07,30.664482
state_cpi,LSTM,GradientSHAP,10.838974,HOBBIES,18.993633,-1.31e-07,10.376412
consumer_sentiment,LSTM,GradientSHAP,8.152401,HOBBIES,-35.76211,2.46e-07,12.611336
state_gas_price,LSTM,GradientSHAP,7.179176,HOBBIES,66.52966,-4.58e-07,8.517478
month,LSTM,GradientSHAP,6.5727143,HOBBIES,-17.067858,1.17e-07,5.926403
day_of_month,LSTM,GradientSHAP,4.2745023,HOBBIES,-41.95427,2.89e-07,3.8392377
state_snap,LSTM,GradientSHAP,3.9049919,HOBBIES,-2.7836676,1.92e-08,2.504347
sell_price,LSTM,GradientSHAP,1.610654,HOBBIES,9.50668,-6.54e-08,1.2519329
event_type_1,LSTM,GradientSHAP,1.3734956,HOBBIES,7.7984614,-5.37e-08,1.2597978
event_name_1,LSTM,GradientSHAP,0.7141366,HOBBIES,-3.0615668,2.11e-08,0.8501386
state_ur_mom_delta,LSTM,GradientSHAP,0.19140354,HOBBIES,24.276564,-1.67e-07,5.186297
state_cpi_mom_delta,LSTM,GradientSHAP,0.08245878,HOBBIES,2.4518178,-1.69e-08,1.5676655
state_gas_wow_delta,LSTM,GradientSHAP,0.005607305,HOBBIES,-0.060528748,4.16e-10,0.17813309
event_type_2,LSTM,GradientSHAP,0.0,HOBBIES,0.0,0.0,0.0
event_name_2,LSTM,GradientSHAP,0.0,HOBBIES,0.0,0.0,0.0
item_category,LSTM,GradientSHAP,0.0,HOBBIES,0.0,0.0,0.0
day_of_week,LSTM,GradientSHAP,32.328884,HOUSEHOLD,321.47467,7.78e-07,16.161613
state_ur,LSTM,GradientSHAP,24.653755,HOUSEHOLD,-319.43466,-7.73e-07,32.409496
state_cpi,LSTM,GradientSHAP,10.335602,HOUSEHOLD,-27.101025,-6.56e-08,11.104982
consumer_sentiment,LSTM,GradientSHAP,8.00175,HOUSEHOLD,134.10384,3.25e-07,13.1153
state_gas_price,LSTM,GradientSHAP,7.4170737,HOUSEHOLD,-82.44878,-2e-07,9.568667
month,LSTM,GradientSHAP,6.5901012,HOUSEHOLD,36.927776,8.94e-08,6.486744
day_of_month,LSTM,GradientSHAP,4.4927793,HOUSEHOLD,131.35196,3.18e-07,4.5844836
state_snap,LSTM,GradientSHAP,2.6094747,HOUSEHOLD,-5.5838575,-1.35e-08,2.1697278
event_type_1,LSTM,GradientSHAP,1.5914295,HOUSEHOLD,15.724273,3.81e-08,1.4958462
sell_price,LSTM,GradientSHAP,1.1087615,HOUSEHOLD,-81.19542,-1.97e-07,1.0744364
event_name_1,LSTM,GradientSHAP,0.86282873,HOUSEHOLD,-23.904327,-5.79e-08,1.5913941
state_gas_wow_delta,LSTM,GradientSHAP,0.007560002,HOUSEHOLD,0.08555567,2.07e-10,0.23729858
state_ur_mom_delta,LSTM,GradientSHAP,0.0,HOUSEHOLD,0.0,0.0,0.0
state_cpi_mom_delta,LSTM,GradientSHAP,0.0,HOUSEHOLD,0.0,0.0,0.0
event_type_2,LSTM,GradientSHAP,0.0,HOUSEHOLD,0.0,0.0,0.0
event_name_2,LSTM,GradientSHAP,0.0,HOUSEHOLD,0.0,0.0,0.0
item_category,LSTM,GradientSHAP,0.0,HOUSEHOLD,0.0,0.0,0.0
item_category,LSTM,DeepLIFTSHAP,30.094522,base,30.608099,3.67e-06,35.258
day_of_week,LSTM,DeepLIFTSHAP,21.972094,base,-3.184278,-3.82e-07,12.2902355
state_ur,LSTM,DeepLIFTSHAP,16.109108,base,4.150017,4.98e-07,19.665955
state_cpi,LSTM,DeepLIFTSHAP,7.1677456,base,-5.2835016,-6.33e-07,6.691584
consumer_sentiment,LSTM,DeepLIFTSHAP,5.2409506,base,7.027176,8.43e-07,7.989408
state_gas_price,LSTM,DeepLIFTSHAP,4.93456,base,-7.960358,-9.54e-07,5.4553723
month,LSTM,DeepLIFTSHAP,4.278469,base,-6.845135,-8.21e-07,3.749067
state_snap,LSTM,DeepLIFTSHAP,3.898697,base,46.956383,5.63e-06,1.6766757
day_of_month,LSTM,DeepLIFTSHAP,3.7408092,base,29.915806,3.59e-06,2.7371368
event_type_1,LSTM,DeepLIFTSHAP,1.0536045,base,3.2814298,3.93e-07,0.9826885
sell_price,LSTM,DeepLIFTSHAP,0.7617875,base,-0.004455157,-5.34e-10,0.6373249
event_name_1,LSTM,DeepLIFTSHAP,0.7129134,base,1.6367779,1.96e-07,0.8832249
state_ur_mom_delta,LSTM,DeepLIFTSHAP,0.025281744,base,-0.2142335,-2.57e-08,1.4430146
state_cpi_mom_delta,LSTM,DeepLIFTSHAP,0.005590019,base,-0.0901728,-1.08e-08,0.41552344
state_gas_wow_delta,LSTM,DeepLIFTSHAP,0.003869777,base,0.006448824,7.73e-10,0.12479027
event_name_2,LSTM,DeepLIFTSHAP,0.0,base,0.0,0.0,0.0
event_type_2,LSTM,DeepLIFTSHAP,0.0,base,0.0,0.0,0.0
day_of_week,LSTM,DeepLIFTSHAP,30.954304,baseNoCats,-2.3773665,-2.09e-07,18.643381
state_ur,LSTM,DeepLIFTSHAP,23.724289,baseNoCats,4.124934,3.62e-07,30.636337
state_cpi,LSTM,DeepLIFTSHAP,10.241139,baseNoCats,-7.2910624,-6.4e-07,10.498647
consumer_sentiment,LSTM,DeepLIFTSHAP,8.009299,baseNoCats,9.027725,7.92e-07,12.480922
state_gas_price,LSTM,DeepLIFTSHAP,6.738949,baseNoCats,-9.185368,-8.06e-07,8.449181
month,LSTM,DeepLIFTSHAP,6.199793,baseNoCats,-9.048963,-7.94e-07,5.975458
state_snap,LSTM,DeepLIFTSHAP,5.5033617,baseNoCats,63.914234,5.61e-06,2.5806372
day_of_month,LSTM,DeepLIFTSHAP,5.2145014,baseNoCats,43.576233,3.82e-06,4.226806
event_type_1,LSTM,DeepLIFTSHAP,1.4171722,baseNoCats,2.9909706,2.63e-07,1.4501373
sell_price,LSTM,DeepLIFTSHAP,1.1237803,baseNoCats,2.4301264,2.13e-07,0.95992994
event_name_1,LSTM,DeepLIFTSHAP,0.825187,baseNoCats,2.256854,1.98e-07,0.9808991
state_ur_mom_delta,LSTM,DeepLIFTSHAP,0.03467036,baseNoCats,-0.3038857,-2.67e-08,2.2701638
state_cpi_mom_delta,LSTM,DeepLIFTSHAP,0.008034464,baseNoCats,-0.12339511,-1.08e-08,0.65341026
state_gas_wow_delta,LSTM,DeepLIFTSHAP,0.00552479,baseNoCats,0.008963917,7.87e-10,0.19408986
event_name_2,LSTM,DeepLIFTSHAP,0.0,baseNoCats,0.0,0.0,0.0
event_type_2,LSTM,DeepLIFTSHAP,0.0,baseNoCats,0.0,0.0,0.0
day_of_week,LSTM,DeepLIFTSHAP,31.408134,FOODS,-11.537415,-1.03e-06,20.70244
state_ur,LSTM,DeepLIFTSHAP,23.215399,FOODS,8.389246,7.46e-07,31.308832
state_cpi,LSTM,DeepLIFTSHAP,10.308229,FOODS,-7.5871983,-6.75e-07,10.475313
consumer_sentiment,LSTM,DeepLIFTSHAP,7.703477,FOODS,10.192429,9.07e-07,12.619379
state_gas_price,LSTM,DeepLIFTSHAP,6.713766,FOODS,-10.7327385,-9.55e-07,8.500506
state_snap,LSTM,DeepLIFTSHAP,6.3540115,FOODS,70.19811,6.25e-06,2.7423043
month,LSTM,DeepLIFTSHAP,6.0005918,FOODS,-10.548496,-9.39e-07,5.804446
day_of_month,LSTM,DeepLIFTSHAP,5.1398344,FOODS,43.75716,3.89e-06,4.151468
event_type_1,LSTM,DeepLIFTSHAP,1.3727967,FOODS,3.5396154,3.15e-07,1.5527765
event_name_1,LSTM,DeepLIFTSHAP,1.0275946,FOODS,2.0704873,1.84e-07,1.3505448
sell_price,LSTM,DeepLIFTSHAP,0.7417723,FOODS,2.33001,2.07e-07,0.61394083
state_gas_wow_delta,LSTM,DeepLIFTSHAP,0.014397065,FOODS,-0.07121971,-6.34e-09,0.17804949
state_ur_mom_delta,LSTM,DeepLIFTSHAP,0.0,FOODS,0.0,0.0,0.0
state_cpi_mom_delta,LSTM,DeepLIFTSHAP,0.0,FOODS,0.0,0.0,0.0
event_type_2,LSTM,DeepLIFTSHAP,0.0,FOODS,0.0,0.0,0.0
event_name_2,LSTM,DeepLIFTSHAP,0.0,FOODS,0.0,0.0,0.0
item_category,LSTM,DeepLIFTSHAP,0.0,FOODS,0.0,0.0,0.0
day_of_week,LSTM,DeepLIFTSHAP,30.207363,HOBBIES,-6.32647,-5.29e-07,17.272749
state_ur,LSTM,DeepLIFTSHAP,24.695679,HOBBIES,1.6938217,1.42e-07,30.1195
state_cpi,LSTM,DeepLIFTSHAP,10.168793,HOBBIES,-7.7669725,-6.49e-07,10.028667
consumer_sentiment,LSTM,DeepLIFTSHAP,7.851801,HOBBIES,8.991263,7.52e-07,11.979536
state_gas_price,LSTM,DeepLIFTSHAP,6.5506725,HOBBIES,-8.097407,-6.77e-07,8.229016
month,LSTM,DeepLIFTSHAP,6.092705,HOBBIES,-9.795961,-8.19e-07,5.7214985
state_snap,LSTM,DeepLIFTSHAP,5.2903028,HOBBIES,66.79376,5.58e-06,2.5071883
day_of_month,LSTM,DeepLIFTSHAP,5.139299,HOBBIES,47.122944,3.94e-06,4.0306387
sell_price,LSTM,DeepLIFTSHAP,1.5054598,HOBBIES,1.9492415,1.63e-07,1.2507647
event_type_1,LSTM,DeepLIFTSHAP,1.4303043,HOBBIES,4.5912986,3.84e-07,1.3660097
event_name_1,LSTM,DeepLIFTSHAP,0.77246463,HOBBIES,2.155868,1.8e-07,0.9518266
state_ur_mom_delta,LSTM,DeepLIFTSHAP,0.18146642,HOBBIES,-1.7396222,-1.45e-07,4.9488263
state_cpi_mom_delta,LSTM,DeepLIFTSHAP,0.10859887,HOBBIES,0.42417085,3.55e-08,1.4236782
state_gas_wow_delta,LSTM,DeepLIFTSHAP,0.005096012,HOBBIES,0.004074364,3.41e-10,0.170096
event_type_2,LSTM,DeepLIFTSHAP,0.0,HOBBIES,0.0,0.0,0.0
event_name_2,LSTM,DeepLIFTSHAP,0.0,HOBBIES,0.0,0.0,0.0
item_category,LSTM,DeepLIFTSHAP,0.0,HOBBIES,0.0,0.0,0.0
day_of_week,LSTM,DeepLIFTSHAP,31.314833,HOUSEHOLD,-0.68548757,-5.95e-08,17.162064
state_ur,LSTM,DeepLIFTSHAP,23.234034,HOUSEHOLD,2.9008281,2.52e-07,31.172329
state_cpi,LSTM,DeepLIFTSHAP,10.379645,HOUSEHOLD,-7.747409,-6.73e-07,11.024309
state_gas_price,LSTM,DeepLIFTSHAP,7.358393,HOUSEHOLD,-8.194701,-7.12e-07,8.988058
consumer_sentiment,LSTM,DeepLIFTSHAP,7.065452,HOUSEHOLD,7.1891637,6.25e-07,12.634166
month,LSTM,DeepLIFTSHAP,6.3774834,HOUSEHOLD,-7.010831,-6.09e-07,6.3989887
day_of_month,LSTM,DeepLIFTSHAP,5.7124686,HOUSEHOLD,45.82844,3.98e-06,4.76082
state_snap,LSTM,DeepLIFTSHAP,4.760081,HOUSEHOLD,61.108543,5.31e-06,3.315864
event_type_1,LSTM,DeepLIFTSHAP,1.5555564,HOUSEHOLD,2.9543264,2.57e-07,1.5571905
sell_price,LSTM,DeepLIFTSHAP,1.195411,HOUSEHOLD,1.2767013,1.11e-07,1.0730164
event_name_1,LSTM,DeepLIFTSHAP,1.040025,HOUSEHOLD,2.3700645,2.06e-07,1.6883222
state_gas_wow_delta,LSTM,DeepLIFTSHAP,0.006624778,HOUSEHOLD,0.010369065,9.01e-10,0.2248769
state_ur_mom_delta,LSTM,DeepLIFTSHAP,0.0,HOUSEHOLD,0.0,0.0,0.0
state_cpi_mom_delta,LSTM,DeepLIFTSHAP,0.0,HOUSEHOLD,0.0,0.0,0.0
event_type_2,LSTM,DeepLIFTSHAP,0.0,HOUSEHOLD,0.0,0.0,0.0
event_name_2,LSTM,DeepLIFTSHAP,0.0,HOUSEHOLD,0.0,0.0,0.0
item_category,LSTM,DeepLIFTSHAP,0.0,HOUSEHOLD,0.0,0.0,0.0
state_snap,Transformer,DeepLIFT,12.959663,base,13.108395,6.886471e-07,10.822905
day_of_week,Transformer,DeepLIFT,11.340642,base,41.54048,2.1823216e-06,10.975739
month,Transformer,DeepLIFT,10.787762,base,5.545503,2.91332e-07,9.355492
state_cpi,Transformer,DeepLIFT,10.387815,base,7.6982327,4.0442524e-07,9.910491
day_of_month,Transformer,DeepLIFT,9.688091,base,-8.18327,-4.299066e-07,8.401769
item_category,Transformer,DeepLIFT,9.427276,base,10.141406,5.327769e-07,8.03611
state_ur,Transformer,DeepLIFT,7.490786,base,7.099513,3.729716e-07,8.405994
state_gas_price,Transformer,DeepLIFT,6.7808747,base,4.2287765,2.2215798e-07,6.492286
consumer_sentiment,Transformer,DeepLIFT,6.6191697,base,2.3510008,1.235094e-07,8.6156645
event_type_1,Transformer,DeepLIFT,5.7767906,base,21.847103,1.1477335e-06,7.8206234
event_name_1,Transformer,DeepLIFT,5.662297,base,-25.858154,-1.3584535e-06,8.246089
sell_price,Transformer,DeepLIFT,2.8686922,base,15.801404,8.3012384e-07,2.3359601
state_ur_mom_delta,Transformer,DeepLIFT,0.1298464,base,3.6403809,1.9124674e-07,0.37636554
state_cpi_mom_delta,Transformer,DeepLIFT,0.040496353,base,1.2046509,6.328611e-08,0.14605659
state_gas_wow_delta,Transformer,DeepLIFT,0.039801437,base,-0.16543187,-8.690933e-09,0.05845236
event_name_2,Transformer,DeepLIFT,0.0,base,0.0,0.0,0.0
event_type_2,Transformer,DeepLIFT,0.0,base,0.0,0.0,0.0
state_snap,Transformer,DeepLIFT,14.328811,baseNoCats,14.941135,7.1032395e-07,11.776619
day_of_week,Transformer,DeepLIFT,12.459733,baseNoCats,46.374596,2.2047177e-06,11.8645
month,Transformer,DeepLIFT,11.905957,baseNoCats,6.0850205,2.89291e-07,10.150267
state_cpi,Transformer,DeepLIFT,11.457753,baseNoCats,8.698751,4.1355167e-07,10.750465
day_of_month,Transformer,DeepLIFT,10.712928,baseNoCats,-8.847221,-4.2061018e-07,9.130874
state_ur,Transformer,DeepLIFT,8.278508,baseNoCats,7.898026,3.7548398e-07,9.160727
state_gas_price,Transformer,DeepLIFT,7.498308,baseNoCats,4.360942,2.073257e-07,7.0813904
consumer_sentiment,Transformer,DeepLIFT,7.317456,baseNoCats,2.7586453,1.3115013e-07,9.39984
event_type_1,Transformer,DeepLIFT,6.3773065,baseNoCats,24.219498,1.1514312e-06,8.490827
event_name_1,Transformer,DeepLIFT,6.258145,baseNoCats,-28.693352,-1.364125e-06,8.955308
sell_price,Transformer,DeepLIFT,3.1722095,baseNoCats,17.013525,8.088484e-07,2.5475159
state_ur_mom_delta,Transformer,DeepLIFT,0.14391907,baseNoCats,4.040014,1.920683e-07,0.4508516
state_cpi_mom_delta,Transformer,DeepLIFT,0.04488113,baseNoCats,1.3348198,6.345933e-08,0.17044121
state_gas_wow_delta,Transformer,DeepLIFT,0.044076934,baseNoCats,-0.18439707,-8.766513e-09,0.07036582
event_name_2,Transformer,DeepLIFT,0.0,baseNoCats,0.0,0.0,0.0
event_type_2,Transformer,DeepLIFT,0.0,baseNoCats,0.0,0.0,0.0
state_snap,Transformer,DeepLIFT,12.848184,FOODS,8.54468,7.1435096e-07,10.878491
day_of_week,Transformer,DeepLIFT,11.476243,FOODS,28.158012,2.3540617e-06,11.226639
month,Transformer,DeepLIFT,10.716424,FOODS,3.0531955,2.552528e-07,9.425142
state_cpi,Transformer,DeepLIFT,10.375429,FOODS,4.675308,3.908644e-07,10.070731
item_category,Transformer,DeepLIFT,10.138244,FOODS,20.187994,1.6877536e-06,7.8199787
day_of_month,Transformer,DeepLIFT,9.533468,FOODS,-5.7596908,-4.815208e-07,8.373408
state_ur,Transformer,DeepLIFT,7.4145966,FOODS,4.4649887,3.732813e-07,8.470885
state_gas_price,Transformer,DeepLIFT,6.71278,FOODS,2.4639952,2.0599454e-07,6.5413303
consumer_sentiment,Transformer,DeepLIFT,6.5707126,FOODS,1.5201437,1.2708682e-07,8.693971
event_type_1,Transformer,DeepLIFT,5.802696,FOODS,14.277437,1.19362e-06,8.019371
event_name_1,Transformer,DeepLIFT,5.660775,FOODS,-17.343904,-1.4499824e-06,8.392881
sell_price,Transformer,DeepLIFT,2.5486026,FOODS,32.76481,2.7391984e-06,1.9185135
state_ur_mom_delta,Transformer,DeepLIFT,0.123152405,FOODS,2.3188953,1.9386393e-07,0.086701356
state_gas_wow_delta,Transformer,DeepLIFT,0.039472435,FOODS,-0.10831517,-9.055348e-09,0.05901495
state_cpi_mom_delta,Transformer,DeepLIFT,0.03921861,FOODS,0.7824583,6.541496e-08,0.022943791
event_name_2,Transformer,DeepLIFT,0.0,FOODS,0.0,0.0,0.0
event_type_2,Transformer,DeepLIFT,0.0,FOODS,0.0,0.0,0.0
state_snap,Transformer,DeepLIFT,13.96941,HOBBIES,18.068413,6.801528e-07,11.462821
day_of_week,Transformer,DeepLIFT,12.106768,HOBBIES,56.991386,2.145338e-06,11.468383
month,Transformer,DeepLIFT,11.615906,HOBBIES,8.16516,3.073627e-07,9.96935
state_cpi,Transformer,DeepLIFT,11.201238,HOBBIES,11.394635,4.2893046e-07,10.5293255
day_of_month,Transformer,DeepLIFT,10.451147,HOBBIES,-10.654428,-4.010667e-07,8.894085
state_ur,Transformer,DeepLIFT,8.049066,HOBBIES,10.404984,3.9167685e-07,8.913979
state_gas_price,Transformer,DeepLIFT,7.2898192,HOBBIES,5.701622,2.1462726e-07,6.8725386
consumer_sentiment,Transformer,DeepLIFT,7.119694,HOBBIES,2.836156,1.06761966e-07,9.106304
event_type_1,Transformer,DeepLIFT,6.2020464,HOBBIES,29.999992,1.1292956e-06,8.242572
event_name_1,Transformer,DeepLIFT,6.0758357,HOBBIES,-35.873802,-1.3504045e-06,8.636228
sell_price,Transformer,DeepLIFT,4.0777025,HOBBIES,-0.3539781,-1.33248665e-08,3.2131433
item_category,Transformer,DeepLIFT,1.5793794,HOBBIES,-4.238981,-1.5956877e-07,1.1744957
state_ur_mom_delta,Transformer,DeepLIFT,0.16970536,HOBBIES,5.941355,2.236516e-07,0.9899621
state_cpi_mom_delta,Transformer,DeepLIFT,0.049316026,HOBBIES,1.8478944,6.956065e-08,0.45867768
state_gas_wow_delta,Transformer,DeepLIFT,0.0429542,HOBBIES,-0.23041195,-8.6734415e-09,0.06813435
event_name_2,Transformer,DeepLIFT,0.0,HOBBIES,0.0,0.0,0.0
event_type_2,Transformer,DeepLIFT,0.0,HOBBIES,0.0,0.0,0.0
state_snap,Transformer,DeepLIFT,12.611978,HOUSEHOLD,37.957527,6.580333e-07,10.79721
item_category,Transformer,DeepLIFT,12.336495,HOUSEHOLD,-37.894478,-6.569403e-07,9.516187
day_of_week,Transformer,DeepLIFT,10.72925,HOUSEHOLD,113.34603,1.9649717e-06,10.612331
month,Transformer,DeepLIFT,10.470439,HOUSEHOLD,16.326616,2.8303893e-07,9.275762
state_cpi,Transformer,DeepLIFT,10.002937,HOUSEHOLD,22.26021,3.8590397e-07,9.67197
day_of_month,Transformer,DeepLIFT,9.553679,HOUSEHOLD,-20.427984,-3.541404e-07,8.4839945
state_ur,Transformer,DeepLIFT,7.3438196,HOUSEHOLD,21.355904,3.7022687e-07,8.475074
state_gas_price,Transformer,DeepLIFT,6.625811,HOUSEHOLD,12.215347,2.117658e-07,6.4698176
consumer_sentiment,Transformer,DeepLIFT,6.4268975,HOUSEHOLD,7.0273504,1.2182645e-07,8.505871
event_type_1,Transformer,DeepLIFT,5.5168157,HOUSEHOLD,63.78476,1.1057754e-06,7.5390167
event_name_1,Transformer,DeepLIFT,5.4373784,HOUSEHOLD,-72.583275,-1.2583068e-06,7.9829497
sell_price,Transformer,DeepLIFT,2.7470558,HOUSEHOLD,-76.07242,-1.3187947e-06,2.4946473
state_ur_mom_delta,Transformer,DeepLIFT,0.120212816,HOUSEHOLD,9.866699,1.7104954e-07,0.08587961
state_gas_wow_delta,Transformer,DeepLIFT,0.03877965,HOUSEHOLD,-0.49226257,-8.533885e-09,0.06573518
state_cpi_mom_delta,Transformer,DeepLIFT,0.03845269,HOUSEHOLD,3.3299665,5.7728442e-08,0.023552058
event_name_2,Transformer,DeepLIFT,0.0,HOUSEHOLD,0.0,0.0,0.0
event_type_2,Transformer,DeepLIFT,0.0,HOUSEHOLD,0.0,0.0,0.0
event_name_1,Transformer,IntegratedGradients,13.449131,base,-24.441,-7.1276776e-07,16.256565
day_of_week,Transformer,IntegratedGradients,13.353172,base,38.08122,1.1105545e-06,14.460057
event_type_1,Transformer,IntegratedGradients,13.2655325,base,21.39752,6.2401136e-07,14.826873
day_of_month,Transformer,IntegratedGradients,11.6785145,base,-7.425483,-2.1654779e-07,6.1406374
state_snap,Transformer,IntegratedGradients,7.7059126,base,12.576268,3.6675905e-07,7.0382776
month,Transformer,IntegratedGradients,6.9282374,base,5.405857,1.5764986e-07,6.588342
sell_price,Transformer,IntegratedGradients,6.6949487,base,15.8686,4.6277262e-07,4.295459
state_ur,Transformer,IntegratedGradients,6.689959,base,6.7010283,1.9542068e-07,10.434517
state_cpi,Transformer,IntegratedGradients,6.0186124,base,7.640425,2.228161e-07,4.6072183
item_category,Transformer,IntegratedGradients,5.492361,base,9.676112,2.821824e-07,3.7557263
consumer_sentiment,Transformer,IntegratedGradients,4.729538,base,2.1717858,6.3335335e-08,7.646472
state_gas_price,Transformer,IntegratedGradients,3.5978303,base,3.9511752,1.1522729e-07,2.9439957
state_ur_mom_delta,Transformer,IntegratedGradients,0.27981916,base,6.5133004,1.8994601e-07,0.67656183
state_cpi_mom_delta,Transformer,IntegratedGradients,0.09327013,base,2.179569,6.356231e-08,0.29360032
state_gas_wow_delta,Transformer,IntegratedGradients,0.023169165,base,-0.29637307,-8.643066e-09,0.035696
event_name_2,Transformer,IntegratedGradients,0.0,base,0.0,0.0,0.0
event_type_2,Transformer,IntegratedGradients,0.0,base,0.0,0.0,0.0
event_name_1,Transformer,IntegratedGradients,14.232456,baseNoCats,-27.211803,-7.126232e-07,16.898602
day_of_week,Transformer,IntegratedGradients,14.130193,baseNoCats,42.460926,1.1119675e-06,15.024692
event_type_1,Transformer,IntegratedGradients,14.035625,baseNoCats,23.81104,6.2356395e-07,15.405017
day_of_month,Transformer,IntegratedGradients,12.363836,baseNoCats,-8.289999,-2.1709863e-07,6.3729787
state_snap,Transformer,IntegratedGradients,8.154269,baseNoCats,14.040666,3.676972e-07,7.3054714
month,Transformer,IntegratedGradients,7.3274417,baseNoCats,6.1366262,1.6070608e-07,6.8455734
sell_price,Transformer,IntegratedGradients,7.0925975,baseNoCats,16.854996,4.4139892e-07,4.4857635
state_ur,Transformer,IntegratedGradients,7.0755496,baseNoCats,7.5438952,1.9755967e-07,10.838258
state_cpi,Transformer,IntegratedGradients,6.365758,baseNoCats,8.404448,2.2009583e-07,4.7795677
consumer_sentiment,Transformer,IntegratedGradients,5.000852,baseNoCats,2.454851,6.4287676e-08,7.9387484
state_gas_price,Transformer,IntegratedGradients,3.802179,baseNoCats,4.4484477,1.16496025e-07,3.0531414
state_ur_mom_delta,Transformer,IntegratedGradients,0.2959919,baseNoCats,7.2489753,1.898363e-07,0.7012387
state_cpi_mom_delta,Transformer,IntegratedGradients,0.09872534,baseNoCats,2.4270191,6.355882e-08,0.31319994
state_gas_wow_delta,Transformer,IntegratedGradients,0.02452075,baseNoCats,-0.33008188,-8.64419e-09,0.037752084
event_name_2,Transformer,IntegratedGradients,0.0,baseNoCats,0.0,0.0,0.0
event_type_2,Transformer,IntegratedGradients,0.0,baseNoCats,0.0,0.0,0.0
event_name_1,Transformer,IntegratedGradients,13.513128,FOODS,-12.212799,-7.4565594e-07,17.060211
day_of_week,Transformer,IntegratedGradients,13.432355,FOODS,19.198679,1.1721809e-06,14.684723
event_type_1,Transformer,IntegratedGradients,13.285424,FOODS,10.555369,6.444611e-07,14.914928
day_of_month,Transformer,IntegratedGradients,11.75104,FOODS,-3.8684447,-2.3618901e-07,6.287739
state_snap,Transformer,IntegratedGradients,7.7643113,FOODS,6.1255207,3.7399545e-07,7.2711787
month,Transformer,IntegratedGradients,6.962228,FOODS,2.5551348,1.5600449e-07,6.7138286
state_ur,Transformer,IntegratedGradients,6.709063,FOODS,3.2159512,1.9635083e-07,10.760961
state_cpi,Transformer,IntegratedGradients,6.0848637,FOODS,3.660447,2.2348964e-07,4.7258363
item_category,Transformer,IntegratedGradients,5.8962703,FOODS,23.116827,1.4114046e-06,3.3468027
sell_price,Transformer,IntegratedGradients,5.8572474,FOODS,40.780693,2.489877e-06,3.154028
consumer_sentiment,Transformer,IntegratedGradients,4.754239,FOODS,1.008848,6.15955e-08,7.936279
state_gas_price,Transformer,IntegratedGradients,3.6102328,FOODS,1.9016834,1.16107834e-07,2.9860961
state_ur_mom_delta,Transformer,IntegratedGradients,0.26660222,FOODS,3.070688,1.8748175e-07,0.09926937
state_cpi_mom_delta,Transformer,IntegratedGradients,0.08983148,FOODS,1.034668,6.317195e-08,0.022461414
state_gas_wow_delta,Transformer,IntegratedGradients,0.023165967,FOODS,-0.1432683,-8.747287e-09,0.035661507
event_name_2,Transformer,IntegratedGradients,0.0,FOODS,0.0,0.0,0.0
event_type_2,Transformer,IntegratedGradients,0.0,FOODS,0.0,0.0,0.0
day_of_week,Transformer,IntegratedGradients,13.742561,HOBBIES,79.68454,1.0844751e-06,14.506253
event_name_1,Transformer,IntegratedGradients,13.650733,HOBBIES,-51.264412,-6.976884e-07,16.466288
event_type_1,Transformer,IntegratedGradients,13.41891,HOBBIES,44.626453,6.073484e-07,14.737493
day_of_month,Transformer,IntegratedGradients,11.9186325,HOBBIES,-15.757964,-2.1445966e-07,6.1402097
sell_price,Transformer,IntegratedGradients,9.21878,HOBBIES,-49.83754,-6.7826926e-07,5.7515507
state_snap,Transformer,IntegratedGradients,7.904136,HOBBIES,26.783216,3.64509e-07,7.0473313
month,Transformer,IntegratedGradients,7.11853,HOBBIES,12.095152,1.6461024e-07,6.6224947
state_ur,Transformer,IntegratedGradients,6.93546,HOBBIES,15.13,2.0591331e-07,10.635955
state_cpi,Transformer,IntegratedGradients,6.164318,HOBBIES,16.429447,2.235983e-07,4.5997643
consumer_sentiment,Transformer,IntegratedGradients,4.880176,HOBBIES,4.300617,5.8529697e-08,7.784682
state_gas_price,Transformer,IntegratedGradients,3.6961575,HOBBIES,8.492049,1.1557343e-07,2.9324903
item_category,Transformer,IntegratedGradients,0.8781587,HOBBIES,-11.642027,-1.5844338e-07,0.49160415
state_ur_mom_delta,Transformer,IntegratedGradients,0.34420928,HOBBIES,16.454782,2.239431e-07,1.5550058
state_cpi_mom_delta,Transformer,IntegratedGradients,0.10556484,HOBBIES,5.132153,6.984657e-08,0.6904879
state_gas_wow_delta,Transformer,IntegratedGradients,0.023664827,HOBBIES,-0.62647307,-8.526051e-09,0.038395885
event_name_2,Transformer,IntegratedGradients,0.0,HOBBIES,0.0,0.0,0.0
event_type_2,Transformer,IntegratedGradients,0.0,HOBBIES,0.0,0.0,0.0
day_of_week,Transformer,IntegratedGradients,13.171085,HOUSEHOLD,-158.00351,1.0326106e-06,14.407596
event_name_1,Transformer,IntegratedGradients,13.02067,HOUSEHOLD,102.800606,-6.718395e-07,16.180723
event_type_1,Transformer,IntegratedGradients,12.797873,HOUSEHOLD,-91.81437,6.0004044e-07,14.558321
day_of_month,Transformer,IntegratedGradients,11.411017,HOUSEHOLD,30.439419,-1.9893272e-07,6.093258
state_snap,Transformer,IntegratedGradients,7.544347,HOUSEHOLD,-54.78136,3.580162e-07,6.9032097
item_category,Transformer,IntegratedGradients,7.4301643,HOUSEHOLD,157.57446,-1.0298066e-06,4.430266
month,Transformer,IntegratedGradients,6.844118,HOUSEHOLD,-23.96367,1.5661134e-07,6.60869
state_ur,Transformer,IntegratedGradients,6.703753,HOUSEHOLD,-29.051086,1.8985946e-07,10.6738825
sell_price,Transformer,IntegratedGradients,6.560385,HOUSEHOLD,262.19043,-1.7135103e-06,4.7500105
state_cpi,Transformer,IntegratedGradients,5.8889093,HOUSEHOLD,-33.062595,2.1607613e-07,4.55143
consumer_sentiment,Transformer,IntegratedGradients,4.679711,HOUSEHOLD,-10.100254,6.600885e-08,7.731031
state_gas_price,Transformer,IntegratedGradients,3.5782788,HOUSEHOLD,-17.686453,1.1558742e-07,2.9557784
state_ur_mom_delta,Transformer,IntegratedGradients,0.2594746,HOUSEHOLD,-26.818493,1.7526864e-07,0.095395826
state_cpi_mom_delta,Transformer,IntegratedGradients,0.08741236,HOUSEHOLD,-9.03467,5.9044865e-08,0.021743186
state_gas_wow_delta,Transformer,IntegratedGradients,0.02280629,HOUSEHOLD,1.31154,-8.5713925e-09,0.038671385
event_name_2,Transformer,IntegratedGradients,0.0,HOUSEHOLD,-0.0,0.0,0.0
event_type_2,Transformer,IntegratedGradients,0.0,HOUSEHOLD,-0.0,0.0,0.0
day_of_week,Transformer,GradientSHAP,13.150578,base,37.55844,-1.9212713e-07,13.994005
event_name_1,Transformer,GradientSHAP,11.537193,base,37.01404,-1.8934232e-07,15.92123
event_type_1,Transformer,GradientSHAP,11.305317,base,-12.273902,6.278614e-08,14.528961
day_of_month,Transformer,GradientSHAP,11.168351,base,11.260041,-5.7599824e-08,6.3521786
state_snap,Transformer,GradientSHAP,8.473485,base,2.3685212,-1.2115977e-08,7.1106563
month,Transformer,GradientSHAP,7.758134,base,-40.95421,2.0949791e-07,6.6510625
state_cpi,Transformer,GradientSHAP,7.21215,base,-28.909195,1.4788262e-07,4.978356
state_ur,Transformer,GradientSHAP,7.038371,base,-109.13065,5.582489e-07,10.214255
item_category,Transformer,GradientSHAP,6.1919374,base,4.9294643,-2.5216272e-08,4.1193624
sell_price,Transformer,GradientSHAP,5.748608,base,188.94508,-9.665331e-07,4.60183
consumer_sentiment,Transformer,GradientSHAP,5.7419972,base,34.531307,-1.7664208e-07,7.34981
state_gas_price,Transformer,GradientSHAP,4.6135573,base,-28.950462,1.4809372e-07,3.1600037
state_ur_mom_delta,Transformer,GradientSHAP,0.053480767,base,4.1055408,-2.1001558e-08,0.69537574
state_gas_wow_delta,Transformer,GradientSHAP,0.004501572,base,-0.15679324,8.0206297e-10,0.04237388
state_cpi_mom_delta,Transformer,GradientSHAP,0.002338633,base,-0.33722106,1.7250268e-09,0.28054526
event_name_2,Transformer,GradientSHAP,0.0,base,-0.0,0.0,0.0
event_type_2,Transformer,GradientSHAP,0.0,base,-0.0,0.0,0.0
day_of_week,Transformer,GradientSHAP,14.205079,baseNoCats,-200.06892,-4.0571507e-07,14.872432
event_name_1,Transformer,GradientSHAP,12.22643,baseNoCats,-78.02555,-1.5822617e-07,16.587618
event_type_1,Transformer,GradientSHAP,12.105324,baseNoCats,57.799194,1.1720963e-07,15.210517
day_of_month,Transformer,GradientSHAP,11.7790165,baseNoCats,-55.13293,-1.1180277e-07,6.5543046
state_snap,Transformer,GradientSHAP,9.012374,baseNoCats,34.971027,7.091692e-08,7.486457
month,Transformer,GradientSHAP,8.102872,baseNoCats,31.821499,6.453007e-08,6.921442
state_cpi,Transformer,GradientSHAP,7.543951,baseNoCats,-68.7059,-1.3932708e-07,5.0561213
state_ur,Transformer,GradientSHAP,7.484681,baseNoCats,395.02322,8.010583e-07,10.824258
sell_price,Transformer,GradientSHAP,6.28371,baseNoCats,-75.59392,-1.5329513e-07,4.4987416
consumer_sentiment,Transformer,GradientSHAP,6.0941434,baseNoCats,-58.6817,-1.1899924e-07,7.6266184
state_gas_price,Transformer,GradientSHAP,5.1407776,baseNoCats,113.64206,2.3045206e-07,3.3762224
state_ur_mom_delta,Transformer,GradientSHAP,0.018609935,baseNoCats,2.1350152,4.3295474e-09,0.66226214
state_cpi_mom_delta,Transformer,GradientSHAP,0.0024865645,baseNoCats,0.8040289,1.6304713e-09,0.28969628
state_gas_wow_delta,Transformer,GradientSHAP,0.0005384069,baseNoCats,0.012869223,2.6097196e-11,0.03330639
event_name_2,Transformer,GradientSHAP,0.0,baseNoCats,0.0,0.0,0.0
event_type_2,Transformer,GradientSHAP,0.0,baseNoCats,0.0,0.0,0.0
day_of_week,Transformer,GradientSHAP,14.354435,FOODS,135.13268,-4.5869757e-07,14.813216
event_name_1,Transformer,GradientSHAP,12.448068,FOODS,13.729513,-4.6603784e-08,17.32503
event_type_1,Transformer,GradientSHAP,12.435679,FOODS,-21.30203,7.230812e-08,15.545167
day_of_month,Transformer,GradientSHAP,12.227448,FOODS,33.744415,-1.1454284e-07,6.7523794
state_snap,Transformer,GradientSHAP,9.326946,FOODS,5.28648,-1.7944553e-08,7.702058
month,Transformer,GradientSHAP,8.339305,FOODS,10.834874,-3.6778154e-08,7.1053677
state_cpi,Transformer,GradientSHAP,7.9115205,FOODS,-40.599056,1.378104e-07,5.2923164
state_ur,Transformer,GradientSHAP,7.787341,FOODS,-48.770477,1.6554768e-07,10.886351
consumer_sentiment,Transformer,GradientSHAP,6.001962,FOODS,94.662766,-3.2132556e-07,7.9802403
state_gas_price,Transformer,GradientSHAP,4.952777,FOODS,-33.57531,1.1396883e-07,3.3142142
sell_price,Transformer,GradientSHAP,4.214039,FOODS,-49.14433,1.6681668e-07,3.2526407
state_gas_wow_delta,Transformer,GradientSHAP,0.00048383095,FOODS,0.0004796903,-1.6282721e-12,0.031023083
state_ur_mom_delta,Transformer,GradientSHAP,0.0,FOODS,-0.0,0.0,0.0
state_cpi_mom_delta,Transformer,GradientSHAP,0.0,FOODS,-0.0,0.0,0.0
event_type_2,Transformer,GradientSHAP,0.0,FOODS,-0.0,0.0,0.0
event_name_2,Transformer,GradientSHAP,0.0,FOODS,-0.0,0.0,0.0
item_category,Transformer,GradientSHAP,0.0,FOODS,-0.0,0.0,0.0
day_of_week,Transformer,GradientSHAP,13.945399,HOBBIES,-241.44397,-2.1937784e-07,14.747856
event_name_1,Transformer,GradientSHAP,11.540101,HOBBIES,-44.11043,-4.0079076e-08,16.029953
event_type_1,Transformer,GradientSHAP,11.396107,HOBBIES,32.0323,2.9104791e-08,14.416525
day_of_month,Transformer,GradientSHAP,11.269894,HOBBIES,33.75359,3.066877e-08,6.3134236
state_snap,Transformer,GradientSHAP,8.769582,HOBBIES,-1.0480049,-9.522253e-10,7.365546
sell_price,Transformer,GradientSHAP,8.7042885,HOBBIES,72.796005,6.614301e-08,5.644416
month,Transformer,GradientSHAP,8.013519,HOBBIES,213.63959,1.9411456e-07,6.8988843
state_ur,Transformer,GradientSHAP,7.6453557,HOBBIES,-286.9491,-2.6072414e-07,10.503706
state_cpi,Transformer,GradientSHAP,7.51025,HOBBIES,105.798065,9.612893e-08,5.0316257
consumer_sentiment,Transformer,GradientSHAP,6.4630604,HOBBIES,197.9597,1.798677e-07,7.701292
state_gas_price,Transformer,GradientSHAP,4.5777903,HOBBIES,4.1224446,3.7456847e-09,3.1491838
state_ur_mom_delta,Transformer,GradientSHAP,0.14118007,HOBBIES,11.298825,1.02661994e-08,1.5101137
state_cpi_mom_delta,Transformer,GradientSHAP,0.022959195,HOBBIES,2.1165872,1.9231474e-09,0.65369934
state_gas_wow_delta,Transformer,GradientSHAP,0.0005188469,HOBBIES,0.034409266,3.1264522e-11,0.03377824
event_type_2,Transformer,GradientSHAP,0.0,HOBBIES,0.0,0.0,0.0
event_name_2,Transformer,GradientSHAP,0.0,HOBBIES,0.0,0.0,0.0
item_category,Transformer,GradientSHAP,0.0,HOBBIES,0.0,0.0,0.0
day_of_week,Transformer,GradientSHAP,14.187996,HOUSEHOLD,118.14851,7.626817e-08,15.445581
event_name_1,Transformer,GradientSHAP,12.069641,HOUSEHOLD,-472.51578,-3.0502213e-07,16.53288
event_type_1,Transformer,GradientSHAP,11.840049,HOUSEHOLD,327.27698,2.1126644e-07,14.90069
day_of_month,Transformer,GradientSHAP,11.726961,HOUSEHOLD,47.348404,3.0564717e-08,6.4960876
state_snap,Transformer,GradientSHAP,9.018149,HOUSEHOLD,26.916906,1.7375616e-08,7.52921
month,Transformer,GradientSHAP,8.183508,HOUSEHOLD,80.96536,5.2265403e-08,7.099627
state_ur,Transformer,GradientSHAP,7.836106,HOUSEHOLD,161.97409,1.045588e-07,11.052336
state_cpi,Transformer,GradientSHAP,7.291306,HOUSEHOLD,-127.51342,-8.231348e-08,4.9798975
consumer_sentiment,Transformer,GradientSHAP,6.5529,HOUSEHOLD,196.62108,1.269244e-07,7.965884
sell_price,Transformer,GradientSHAP,6.437859,HOUSEHOLD,-270.0014,-1.7429345e-07,4.604356
state_gas_price,Transformer,GradientSHAP,4.850855,HOUSEHOLD,10.968393,7.0804043e-09,3.3460538
state_gas_wow_delta,Transformer,GradientSHAP,0.0046769083,HOUSEHOLD,-0.18914771,-1.2210014e-10,0.047397647
state_ur_mom_delta,Transformer,GradientSHAP,0.0,HOUSEHOLD,0.0,0.0,0.0
state_cpi_mom_delta,Transformer,GradientSHAP,0.0,HOUSEHOLD,0.0,0.0,0.0
event_type_2,Transformer,GradientSHAP,0.0,HOUSEHOLD,0.0,0.0,0.0
event_name_2,Transformer,GradientSHAP,0.0,HOUSEHOLD,0.0,0.0,0.0
item_category,Transformer,GradientSHAP,0.0,HOUSEHOLD,0.0,0.0,0.0
day_of_week,Transformer,DeepLIFTSHAP,13.760689,base,64.27852,2.4977123e-06,15.310432
event_name_1,Transformer,DeepLIFTSHAP,12.907034,base,-44.540154,-1.7307258e-06,15.442176
event_type_1,Transformer,DeepLIFTSHAP,12.743892,base,36.192368,1.4063505e-06,14.548061
day_of_month,Transformer,DeepLIFTSHAP,11.76005,base,-12.631735,-4.9083957e-07,6.2105494
state_snap,Transformer,DeepLIFTSHAP,7.6539054,base,15.793243,6.136883e-07,7.2921424
state_ur,Transformer,DeepLIFTSHAP,7.09926,base,5.064368,1.9678944e-07,10.953649
month,Transformer,DeepLIFTSHAP,7.0654655,base,7.0541844,2.7410903e-07,6.7375555
sell_price,Transformer,DeepLIFTSHAP,6.099932,base,5.3252296,2.0692593e-07,3.9348934
state_cpi,Transformer,DeepLIFTSHAP,6.097086,base,6.607382,2.5674734e-07,4.3409023
item_category,Transformer,DeepLIFTSHAP,5.4588723,base,11.838337,4.6000997e-07,3.6743786
consumer_sentiment,Transformer,DeepLIFTSHAP,5.3015585,base,1.7145991,6.66253e-08,7.6210485
state_gas_price,Transformer,DeepLIFTSHAP,4.0191956,base,3.287848,1.2775806e-07,2.890205
state_ur_mom_delta,Transformer,DeepLIFTSHAP,0.030143289,base,-0.028422873,-1.1044461e-09,0.7223586
state_cpi_mom_delta,Transformer,DeepLIFTSHAP,0.0024353259,base,0.04403406,1.7110602e-09,0.2918137
state_gas_wow_delta,Transformer,DeepLIFTSHAP,0.00047137018,base,0.00019729276,7.666333e-12,0.029842349
event_name_2,Transformer,DeepLIFTSHAP,0.0,base,0.0,0.0,0.0
event_type_2,Transformer,DeepLIFTSHAP,0.0,base,0.0,0.0,0.0
day_of_week,Transformer,DeepLIFTSHAP,14.629634,baseNoCats,53.965748,2.0076086e-06,15.591517
event_name_1,Transformer,DeepLIFTSHAP,13.502563,baseNoCats,-38.418766,-1.429237e-06,16.109701
event_type_1,Transformer,DeepLIFTSHAP,13.352406,baseNoCats,33.33564,1.240137e-06,14.938071
day_of_month,Transformer,DeepLIFTSHAP,12.236242,baseNoCats,-8.930043,-3.322113e-07,6.419457
state_snap,Transformer,DeepLIFTSHAP,7.9898834,baseNoCats,20.197336,7.513719e-07,7.7911057
month,Transformer,DeepLIFTSHAP,7.551895,baseNoCats,10.403495,3.8702598e-07,7.0260077
state_ur,Transformer,DeepLIFTSHAP,7.5404325,baseNoCats,3.9345627,1.4637176e-07,11.393649
state_cpi,Transformer,DeepLIFTSHAP,6.792471,baseNoCats,10.011252,3.7243396e-07,4.6307116
sell_price,Transformer,DeepLIFTSHAP,6.44804,baseNoCats,0.7466611,2.777694e-08,4.1131053
consumer_sentiment,Transformer,DeepLIFTSHAP,5.7575135,baseNoCats,7.643681,2.8435667e-07,7.9385614
state_gas_price,Transformer,DeepLIFTSHAP,4.1596985,baseNoCats,6.8599997,2.5520254e-07,2.9489183
state_ur_mom_delta,Transformer,DeepLIFTSHAP,0.036067683,baseNoCats,0.20346078,7.569053e-09,0.7579724
state_cpi_mom_delta,Transformer,DeepLIFTSHAP,0.0026400888,baseNoCats,0.046792615,1.7407571e-09,0.30935243
state_gas_wow_delta,Transformer,DeepLIFTSHAP,0.0005093845,baseNoCats,0.00017454578,6.4933714e-12,0.031869642
event_name_2,Transformer,DeepLIFTSHAP,0.0,baseNoCats,0.0,0.0,0.0
event_type_2,Transformer,DeepLIFTSHAP,0.0,baseNoCats,0.0,0.0,0.0
day_of_week,Transformer,DeepLIFTSHAP,15.058659,FOODS,46.38628,2.0475447e-06,15.71855
event_type_1,Transformer,DeepLIFTSHAP,14.041613,FOODS,34.247772,1.5117367e-06,15.518628
event_name_1,Transformer,DeepLIFTSHAP,13.439044,FOODS,-27.053093,-1.1941553e-06,16.363972
day_of_month,Transformer,DeepLIFTSHAP,12.592848,FOODS,-9.699748,-4.2815824e-07,6.5843782
state_snap,Transformer,DeepLIFTSHAP,8.248102,FOODS,16.883947,7.452772e-07,8.042446
month,Transformer,DeepLIFTSHAP,7.706675,FOODS,5.437011,2.39996e-07,7.281413
state_ur,Transformer,DeepLIFTSHAP,7.554181,FOODS,10.364181,4.5748706e-07,11.627738
state_cpi,Transformer,DeepLIFTSHAP,6.7857065,FOODS,5.3058376,2.3420588e-07,4.63574
consumer_sentiment,Transformer,DeepLIFTSHAP,5.8496227,FOODS,2.9493275,1.3018676e-07,8.1534605
state_gas_price,Transformer,DeepLIFTSHAP,4.385522,FOODS,9.195319,4.0589217e-07,2.9881198
sell_price,Transformer,DeepLIFTSHAP,4.3375497,FOODS,5.9833555,2.6411232e-07,3.0548363
state_gas_wow_delta,Transformer,DeepLIFTSHAP,0.00047641792,FOODS,-0.0001934306,-8.5382534e-12,0.03071658
state_ur_mom_delta,Transformer,DeepLIFTSHAP,0.0,FOODS,0.0,0.0,0.0
state_cpi_mom_delta,Transformer,DeepLIFTSHAP,0.0,FOODS,0.0,0.0,0.0
event_type_2,Transformer,DeepLIFTSHAP,0.0,FOODS,0.0,0.0,0.0
event_name_2,Transformer,DeepLIFTSHAP,0.0,FOODS,0.0,0.0,0.0
item_category,Transformer,DeepLIFTSHAP,0.0,FOODS,0.0,0.0,0.0
day_of_week,Transformer,DeepLIFTSHAP,14.233032,HOBBIES,43.884094,2.685363e-06,15.742164
event_name_1,Transformer,DeepLIFTSHAP,12.933068,HOBBIES,-22.909536,-1.4018841e-06,15.497414
event_type_1,Transformer,DeepLIFTSHAP,12.546743,HOBBIES,16.349453,1.0004585e-06,14.222582
day_of_month,Transformer,DeepLIFTSHAP,12.063803,HOBBIES,-5.62506,-3.4420964e-07,6.1725574
sell_price,Transformer,DeepLIFTSHAP,9.998681,HOBBIES,40.72096,2.4918038e-06,5.42216
state_snap,Transformer,DeepLIFTSHAP,7.8846345,HOBBIES,9.681809,5.9245093e-07,7.341904
month,Transformer,DeepLIFTSHAP,7.309106,HOBBIES,7.535112,4.6108985e-07,6.85502
state_ur,Transformer,DeepLIFTSHAP,7.2896113,HOBBIES,0.7865341,4.8129724e-08,11.2069845
state_cpi,Transformer,DeepLIFTSHAP,6.4310923,HOBBIES,6.0730257,3.716216e-07,4.433929
consumer_sentiment,Transformer,DeepLIFTSHAP,5.2798605,HOBBIES,4.016284,2.457651e-07,7.7842526
state_gas_price,Transformer,DeepLIFTSHAP,3.889137,HOBBIES,-0.9373549,-5.735878e-08,2.862949
state_ur_mom_delta,Transformer,DeepLIFTSHAP,0.126486,HOBBIES,0.26871258,1.6443105e-08,1.7113872
state_cpi_mom_delta,Transformer,DeepLIFTSHAP,0.014201598,HOBBIES,0.15529957,9.503117e-09,0.7122448
state_gas_wow_delta,Transformer,DeepLIFTSHAP,0.0005354879,HOBBIES,0.00067069085,4.1041028e-11,0.034448363
event_type_2,Transformer,DeepLIFTSHAP,0.0,HOBBIES,0.0,0.0,0.0
event_name_2,Transformer,DeepLIFTSHAP,0.0,HOBBIES,0.0,0.0,0.0
item_category,Transformer,DeepLIFTSHAP,0.0,HOBBIES,0.0,0.0,0.0
day_of_week,Transformer,DeepLIFTSHAP,14.835877,HOUSEHOLD,55.31538,2.1531407e-06,16.130848
event_name_1,Transformer,DeepLIFTSHAP,13.026216,HOUSEHOLD,-29.579407,-1.1513728e-06,15.754708
event_type_1,Transformer,DeepLIFTSHAP,12.832768,HOUSEHOLD,22.473726,8.747855e-07,14.645953
day_of_month,Transformer,DeepLIFTSHAP,12.390505,HOUSEHOLD,-9.354084,-3.6410594e-07,6.4355783
state_snap,Transformer,DeepLIFTSHAP,8.065872,HOUSEHOLD,16.786674,6.534181e-07,7.4979157
state_ur,Transformer,DeepLIFTSHAP,7.7555604,HOUSEHOLD,5.406715,2.1045535e-07,12.010212
month,Transformer,DeepLIFTSHAP,7.445035,HOUSEHOLD,4.245207,1.6524386e-07,7.1528015
sell_price,Transformer,DeepLIFTSHAP,7.0059857,HOUSEHOLD,17.541574,6.828024e-07,4.5123067
state_cpi,Transformer,DeepLIFTSHAP,6.64505,HOUSEHOLD,10.579387,4.1180058e-07,4.589032
consumer_sentiment,Transformer,DeepLIFTSHAP,5.7082086,HOUSEHOLD,4.030364,1.5688114e-07,8.151435
state_gas_price,Transformer,DeepLIFTSHAP,4.288361,HOUSEHOLD,2.5544338,9.943085e-08,3.0858955
state_gas_wow_delta,Transformer,DeepLIFTSHAP,0.00056553603,HOUSEHOLD,3.169478e-05,1.2337133e-12,0.033309333
state_ur_mom_delta,Transformer,DeepLIFTSHAP,0.0,HOUSEHOLD,0.0,0.0,0.0
state_cpi_mom_delta,Transformer,DeepLIFTSHAP,0.0,HOUSEHOLD,0.0,0.0,0.0
event_type_2,Transformer,DeepLIFTSHAP,0.0,HOUSEHOLD,0.0,0.0,0.0
event_name_2,Transformer,DeepLIFTSHAP,0.0,HOUSEHOLD,0.0,0.0,0.0
item_category,Transformer,DeepLIFTSHAP,0.0,HOUSEHOLD,0.0,0.0,0.0
state_cpi_mom_delta,LSTM,Saliency,20.95366,base,20.95366,0.00046813398,8.094521
state_ur_mom_delta,LSTM,Saliency,17.090557,base,17.090557,0.0003818269,26.35072
state_gas_wow_delta,LSTM,Saliency,13.171227,base,13.171227,0.0002942636,5.1143494
state_ur,LSTM,Saliency,6.855212,base,6.855212,0.000153155,8.998888
day_of_week,LSTM,Saliency,6.717046,base,6.717046,0.00015006817,4.0852256
item_category,LSTM,Saliency,6.52456,base,6.52456,0.00014576777,10.304244
event_name_2,LSTM,Saliency,5.316575,base,5.316575,0.000118779695,7.107532
consumer_sentiment,LSTM,Saliency,3.647536,base,3.647536,8.1491045e-05,5.785677
sell_price,LSTM,Saliency,3.4515429,base,3.4515429,7.711229e-05,2.9355767
event_type_2,LSTM,Saliency,3.1250806,base,3.1250806,6.9818656e-05,3.415177
state_cpi,LSTM,Saliency,2.7054234,base,2.7054234,6.044293e-05,3.2949502
state_gas_price,LSTM,Saliency,2.4983606,base,2.4983606,5.5816865e-05,3.7514997
event_name_1,LSTM,Saliency,1.9665984,base,1.9665984,4.3936554e-05,3.1772044
event_type_1,LSTM,Saliency,1.7951052,base,1.7951052,4.0105155e-05,2.604986
month,LSTM,Saliency,1.6738715,base,1.6738715,3.7396625e-05,2.3498487
day_of_month,LSTM,Saliency,1.4390624,base,1.4390624,3.215066e-05,1.6424824
state_snap,LSTM,Saliency,1.0685859,base,1.0685859,2.38737e-05,0.9871225
state_cpi_mom_delta,LSTM,Saliency,22.591269,baseNoCats,22.591269,0.0004687348,9.0404415
state_ur_mom_delta,LSTM,Saliency,18.34539,baseNoCats,18.34539,0.00038063922,29.500893
state_gas_wow_delta,LSTM,Saliency,14.17967,baseNoCats,14.17967,0.0002942068,5.6463485
state_ur,LSTM,Saliency,7.3477306,baseNoCats,7.3477306,0.00015245433,10.053435
day_of_week,LSTM,Saliency,7.048726,baseNoCats,7.048726,0.00014625044,4.4011555
event_name_2,LSTM,Saliency,5.6749644,baseNoCats,5.6749644,0.00011774697,7.9513884
consumer_sentiment,LSTM,Saliency,3.8975987,baseNoCats,3.8975987,8.08693e-05,6.49246
sell_price,LSTM,Saliency,3.634121,baseNoCats,3.634121,7.540253e-05,3.2624483
event_type_2,LSTM,Saliency,3.3452127,baseNoCats,3.3452127,6.9408125e-05,3.8259864
state_cpi,LSTM,Saliency,2.8931131,baseNoCats,2.8931131,6.0027738e-05,3.6778781
state_gas_price,LSTM,Saliency,2.665803,baseNoCats,2.665803,5.5311397e-05,4.196373
event_name_1,LSTM,Saliency,2.0358877,baseNoCats,2.0358877,4.22416e-05,3.4967513
event_type_1,LSTM,Saliency,1.9128423,baseNoCats,1.9128423,3.9688595e-05,2.9195933
month,LSTM,Saliency,1.7987639,baseNoCats,1.7987639,3.732164e-05,2.622027
day_of_month,LSTM,Saliency,1.5073054,baseNoCats,1.5073054,3.1274314e-05,1.8216217
state_snap,LSTM,Saliency,1.1215987,baseNoCats,1.1215987,2.3271483e-05,1.0911931
state_cpi_mom_delta,LSTM,Saliency,20.419119,FOODS,20.419119,0.0004628133,8.246192
state_ur_mom_delta,LSTM,Saliency,17.292173,FOODS,17.292173,0.00039193893,26.169374
state_gas_wow_delta,LSTM,Saliency,12.702866,FOODS,12.702866,0.00028791913,5.2723994
state_ur,LSTM,Saliency,6.9910936,FOODS,6.9910936,0.00015845791,8.85326
day_of_week,LSTM,Saliency,6.765584,FOODS,6.765584,0.00015334658,4.310812
item_category,LSTM,Saliency,6.5250435,FOODS,6.5250435,0.00014789456,10.461896
event_name_2,LSTM,Saliency,5.5377293,FOODS,5.5377293,0.00012551642,7.077224
consumer_sentiment,LSTM,Saliency,3.8027208,FOODS,3.8027208,8.619126e-05,5.719998
sell_price,LSTM,Saliency,3.431654,FOODS,3.431654,7.778079e-05,2.8310804
event_type_2,LSTM,Saliency,3.2170396,FOODS,3.2170396,7.29164e-05,3.4387686
state_cpi,LSTM,Saliency,2.7378194,FOODS,2.7378194,6.205455e-05,3.2071605
state_gas_price,LSTM,Saliency,2.3957133,FOODS,2.3957133,5.430048e-05,3.6620305
event_name_1,LSTM,Saliency,2.0722096,FOODS,2.0722096,4.6968045e-05,3.240413
event_type_1,LSTM,Saliency,1.7930353,FOODS,1.7930353,4.064037e-05,2.6485386
month,LSTM,Saliency,1.6636053,FOODS,1.6636053,3.770675e-05,2.2966983
day_of_month,LSTM,Saliency,1.4335511,FOODS,1.4335511,3.2492415e-05,1.565471
state_snap,LSTM,Saliency,1.2190423,FOODS,1.2190423,2.7630427e-05,0.9986828
state_cpi_mom_delta,LSTM,Saliency,21.232615,HOBBIES,21.232615,0.00046963667,8.108362
state_ur_mom_delta,LSTM,Saliency,17.158209,HOBBIES,17.158209,0.00037951634,26.467022
state_gas_wow_delta,LSTM,Saliency,13.280601,HOBBIES,13.280601,0.0002937489,5.039146
state_ur,LSTM,Saliency,6.857802,HOBBIES,6.857802,0.0001516853,9.035329
day_of_week,LSTM,Saliency,6.5812683,HOBBIES,6.5812683,0.00014556875,3.901316
item_category,LSTM,Saliency,6.467218,HOBBIES,6.467218,0.0001430461,10.297335
event_name_2,LSTM,Saliency,5.286977,HOBBIES,5.286977,0.00011694076,7.166951
consumer_sentiment,LSTM,Saliency,3.6214185,HOBBIES,3.6214185,8.010087e-05,5.8244877
sell_price,LSTM,Saliency,3.3855062,HOBBIES,3.3855062,7.488281e-05,2.942758
event_type_2,LSTM,Saliency,3.1097798,HOBBIES,3.1097798,6.878412e-05,3.422728
state_cpi,LSTM,Saliency,2.6995833,HOBBIES,2.6995833,5.971113e-05,3.3113534
state_gas_price,LSTM,Saliency,2.5064883,HOBBIES,2.5064883,5.544013e-05,3.7718635
event_name_1,LSTM,Saliency,1.8917644,HOBBIES,1.8917644,4.184327e-05,3.1232922
event_type_1,LSTM,Saliency,1.7911414,HOBBIES,1.7911414,3.9617622e-05,2.6074479
month,LSTM,Saliency,1.6835786,HOBBIES,1.6835786,3.723848e-05,2.358498
day_of_month,LSTM,Saliency,1.4126567,HOBBIES,1.4126567,3.124605e-05,1.6468306
state_snap,LSTM,Saliency,1.0333896,HOBBIES,1.0333896,2.2857177e-05,0.97527635
state_cpi_mom_delta,LSTM,Saliency,21.629946,HOUSEHOLD,21.629946,0.0004770861,7.8783417
state_ur_mom_delta,LSTM,Saliency,16.795525,HOUSEHOLD,16.795525,0.00037045454,26.540937
state_gas_wow_delta,LSTM,Saliency,13.735689,HOUSEHOLD,13.735689,0.00030296453,4.9110827
day_of_week,LSTM,Saliency,6.723209,HOUSEHOLD,6.723209,0.00014829206,3.8092003
state_ur,LSTM,Saliency,6.643776,HOUSEHOLD,6.643776,0.00014654004,9.196167
item_category,LSTM,Saliency,6.533367,HOUSEHOLD,6.533367,0.00014410478,10.04075
event_name_2,LSTM,Saliency,5.0153284,HOUSEHOLD,5.0153284,0.000110621804,7.1489153
sell_price,LSTM,Saliency,3.520208,HOUSEHOLD,3.520208,7.764431e-05,3.1113312
consumer_sentiment,LSTM,Saliency,3.4401808,HOUSEHOLD,3.4401808,7.587917e-05,5.8904343
event_type_2,LSTM,Saliency,3.0002344,HOUSEHOLD,3.0002344,6.617539e-05,3.3764052
state_cpi,LSTM,Saliency,2.65512,HOUSEHOLD,2.65512,5.856329e-05,3.4236345
state_gas_price,LSTM,Saliency,2.6328864,HOUSEHOLD,2.6328864,5.8072892e-05,3.8802426
event_name_1,LSTM,Saliency,1.8540329,HOUSEHOLD,1.8540329,4.089392e-05,3.0941901
event_type_1,LSTM,Saliency,1.7988646,HOUSEHOLD,1.7988646,3.9677092e-05,2.5373485
month,LSTM,Saliency,1.6818683,HOUSEHOLD,1.6818683,3.7096535e-05,2.43841
day_of_month,LSTM,Saliency,1.4647859,HOUSEHOLD,1.4647859,3.2308402e-05,1.7640355
state_snap,LSTM,Saliency,0.87498397,HOUSEHOLD,0.87498397,1.9299296e-05,0.95858014
day_of_week,LSTM,SmoothGrad,15.956457,base,15.956457,0.00044871678,15.111056
state_cpi_mom_delta,LSTM,SmoothGrad,15.012085,base,15.012085,0.0004221598,7.021965
state_ur_mom_delta,LSTM,SmoothGrad,13.722478,base,13.722478,0.00038589432,22.512796
state_gas_wow_delta,LSTM,SmoothGrad,9.465797,base,9.465797,0.0002661908,4.034485
sell_price,LSTM,SmoothGrad,6.6018863,base,6.6018863,0.00018565383,2.467507
state_ur,LSTM,SmoothGrad,5.6777344,base,5.6777344,0.00015966543,7.5257382
item_category,LSTM,SmoothGrad,5.5103073,base,5.5103073,0.00015495718,9.05902
event_name_2,LSTM,SmoothGrad,4.9891543,base,4.9891543,0.00014030165,5.7531195
consumer_sentiment,LSTM,SmoothGrad,3.9478421,base,3.9478421,0.00011101857,4.5144444
event_type_2,LSTM,SmoothGrad,3.0234892,base,3.0234892,8.5024534e-05,3.3473604
event_type_1,LSTM,SmoothGrad,2.7562912,base,2.7562912,7.751057e-05,3.8722844
day_of_month,LSTM,SmoothGrad,2.6015582,base,2.6015582,7.315927e-05,1.8156054
event_name_1,LSTM,SmoothGrad,2.553719,base,2.553719,7.181398e-05,3.5852995
state_cpi,LSTM,SmoothGrad,2.3923912,base,2.3923912,6.727722e-05,2.6297379
state_gas_price,LSTM,SmoothGrad,2.3528116,base,2.3528116,6.616419e-05,3.0829818
state_snap,LSTM,SmoothGrad,1.7674109,base,1.7674109,4.9701943e-05,1.6428341
month,LSTM,SmoothGrad,1.668581,base,1.668581,4.6922716e-05,2.023769
day_of_week,LSTM,SmoothGrad,16.734177,baseNoCats,16.734177,0.00044351176,16.656458
state_cpi_mom_delta,LSTM,SmoothGrad,16.033157,baseNoCats,16.033157,0.00042493237,7.714061
state_ur_mom_delta,LSTM,SmoothGrad,14.577916,baseNoCats,14.577916,0.00038636362,24.773737
state_gas_wow_delta,LSTM,SmoothGrad,10.020135,baseNoCats,10.020135,0.00026556713,4.389539
sell_price,LSTM,SmoothGrad,7.0089436,baseNoCats,7.0089436,0.00018576048,2.704637
state_ur,LSTM,SmoothGrad,6.0377173,baseNoCats,6.0377173,0.00016001973,8.282002
event_name_2,LSTM,SmoothGrad,5.2782536,baseNoCats,5.2782536,0.0001398914,6.3342085
consumer_sentiment,LSTM,SmoothGrad,4.184949,baseNoCats,4.184949,0.00011091517,4.978002
event_type_2,LSTM,SmoothGrad,3.1781983,baseNoCats,3.1781983,8.4232895e-05,3.6872401
event_type_1,LSTM,SmoothGrad,2.9003296,baseNoCats,2.9003296,7.686845e-05,4.2597456
day_of_month,LSTM,SmoothGrad,2.7481203,baseNoCats,2.7481203,7.2834395e-05,1.9896137
event_name_1,LSTM,SmoothGrad,2.6699307,baseNoCats,2.6699307,7.076211e-05,3.9235785
state_cpi,LSTM,SmoothGrad,2.5328987,baseNoCats,2.5328987,6.71303e-05,2.893363
state_gas_price,LSTM,SmoothGrad,2.4779863,baseNoCats,2.4779863,6.567494e-05,3.3829172
state_snap,LSTM,SmoothGrad,1.8539628,baseNoCats,1.8539628,4.9136226e-05,1.8081896
month,LSTM,SmoothGrad,1.7633246,baseNoCats,1.7633246,4.673401e-05,2.222711
day_of_week,LSTM,SmoothGrad,16.14985,FOODS,16.14985,0.00046841562,14.920719
state_cpi_mom_delta,LSTM,SmoothGrad,14.4222975,FOODS,14.4222975,0.0004183091,7.086688
state_ur_mom_delta,LSTM,SmoothGrad,13.944065,FOODS,13.944065,0.00040443832,22.433285
state_gas_wow_delta,LSTM,SmoothGrad,9.129991,FOODS,9.129991,0.0002648093,4.174046
sell_price,LSTM,SmoothGrad,6.449099,FOODS,6.449099,0.00018705182,2.4253535
state_ur,LSTM,SmoothGrad,5.8816943,FOODS,5.8816943,0.00017059462,7.5878406
item_category,LSTM,SmoothGrad,5.682773,FOODS,5.682773,0.00016482505,9.266483
event_name_2,LSTM,SmoothGrad,5.073437,FOODS,5.073437,0.00014715166,5.7611036
consumer_sentiment,LSTM,SmoothGrad,3.953059,FOODS,3.953059,0.000114655835,4.4779778
event_type_2,LSTM,SmoothGrad,3.0270598,FOODS,3.0270598,8.7797845e-05,3.3498068
event_type_1,LSTM,SmoothGrad,2.7515113,FOODS,2.7515113,7.980575e-05,3.8594105
day_of_month,LSTM,SmoothGrad,2.640796,FOODS,2.640796,7.659452e-05,1.7455267
event_name_1,LSTM,SmoothGrad,2.6129806,FOODS,2.6129806,7.578776e-05,3.5848439
state_cpi,LSTM,SmoothGrad,2.418073,FOODS,2.418073,7.013459e-05,2.6122656
state_gas_price,LSTM,SmoothGrad,2.2916005,FOODS,2.2916005,6.646634e-05,3.0573764
state_snap,LSTM,SmoothGrad,1.8933716,FOODS,1.8933716,5.4915978e-05,1.6089586
month,LSTM,SmoothGrad,1.6783442,FOODS,1.6783442,4.8679252e-05,2.0483284
day_of_week,LSTM,SmoothGrad,16.041643,HOBBIES,16.041643,0.00045298878,14.863451
state_cpi_mom_delta,LSTM,SmoothGrad,14.861603,HOBBIES,14.861603,0.00041966644,6.897001
state_ur_mom_delta,LSTM,SmoothGrad,13.743276,HOBBIES,13.743276,0.00038808674,22.777061
state_gas_wow_delta,LSTM,SmoothGrad,9.35562,HOBBIES,9.35562,0.00026418682,3.931101
sell_price,LSTM,SmoothGrad,6.551206,HOBBIES,6.551206,0.00018499493,2.4342065
state_ur,LSTM,SmoothGrad,5.811864,HOBBIES,5.811864,0.00016411717,7.5971236
item_category,LSTM,SmoothGrad,5.607434,HOBBIES,5.607434,0.0001583444,9.071972
event_name_2,LSTM,SmoothGrad,4.9863954,HOBBIES,4.9863954,0.00014080733,5.747369
consumer_sentiment,LSTM,SmoothGrad,3.903252,HOBBIES,3.903252,0.000110221205,4.547853
event_type_2,LSTM,SmoothGrad,3.0007195,HOBBIES,3.0007195,8.473523e-05,3.359143
event_type_1,LSTM,SmoothGrad,2.8172472,HOBBIES,2.8172472,7.955427e-05,3.906458
day_of_month,LSTM,SmoothGrad,2.5911002,HOBBIES,2.5911002,7.3168274e-05,1.7985848
event_name_1,LSTM,SmoothGrad,2.5336115,HOBBIES,2.5336115,7.1544884e-05,3.602656
state_cpi,LSTM,SmoothGrad,2.3998873,HOBBIES,2.3998873,6.776874e-05,2.6611924
state_gas_price,LSTM,SmoothGrad,2.3673003,HOBBIES,2.3673003,6.684854e-05,3.1183393
state_snap,LSTM,SmoothGrad,1.74571,HOBBIES,1.74571,4.9295882e-05,1.6440939
month,LSTM,SmoothGrad,1.6821334,HOBBIES,1.6821334,4.750059e-05,2.0423956
day_of_week,LSTM,SmoothGrad,16.11319,HOUSEHOLD,16.11319,0.00044998387,14.873958
state_cpi_mom_delta,LSTM,SmoothGrad,15.195413,HOUSEHOLD,15.195413,0.0004243536,6.696048
state_ur_mom_delta,LSTM,SmoothGrad,13.492007,HOUSEHOLD,13.492007,0.00037678357,22.643667
state_gas_wow_delta,LSTM,SmoothGrad,9.562586,HOUSEHOLD,9.562586,0.00026704886,3.75519
sell_price,LSTM,SmoothGrad,6.595561,HOUSEHOLD,6.595561,0.00018419047,2.4684777
state_ur,LSTM,SmoothGrad,5.726138,HOUSEHOLD,5.726138,0.00015991059,7.6855025
item_category,LSTM,SmoothGrad,5.522533,HOUSEHOLD,5.522533,0.00015422462,8.931592
event_name_2,LSTM,SmoothGrad,4.8657,HOUSEHOLD,4.8657,0.00013588162,5.767797
consumer_sentiment,LSTM,SmoothGrad,3.8033407,HOUSEHOLD,3.8033407,0.00010621372,4.5962753
event_type_2,LSTM,SmoothGrad,2.9894102,HOUSEHOLD,2.9894102,8.348355e-05,3.3622448
event_type_1,LSTM,SmoothGrad,2.887241,HOUSEHOLD,2.887241,8.063033e-05,3.9834268
day_of_month,LSTM,SmoothGrad,2.5511055,HOUSEHOLD,2.5511055,7.124327e-05,1.8691745
event_name_1,LSTM,SmoothGrad,2.522131,HOUSEHOLD,2.522131,7.043411e-05,3.6641712
state_gas_price,LSTM,SmoothGrad,2.443996,HOUSEHOLD,2.443996,6.8252084e-05,3.2057478
state_cpi,LSTM,SmoothGrad,2.3913379,HOUSEHOLD,2.3913379,6.678153e-05,2.7453125
month,LSTM,SmoothGrad,1.6964804,HOUSEHOLD,1.6964804,4.737664e-05,2.071204
state_snap,LSTM,SmoothGrad,1.6418325,HOUSEHOLD,1.6418325,4.5850516e-05,1.6802201
event_name_2,Transformer,Saliency,18.631046,base,18.631046,0.00034407197,13.846445
sell_price,Transformer,Saliency,12.08219,base,12.08219,0.00022312986,11.249783
event_type_2,Transformer,Saliency,8.971689,base,8.971689,0.00016568617,7.912226
state_cpi_mom_delta,Transformer,Saliency,8.192049,base,8.192049,0.00015128804,7.532674
event_name_1,Transformer,Saliency,7.5943274,base,7.5943274,0.00014024953,6.7333937
state_ur_mom_delta,Transformer,Saliency,6.5420895,base,6.5420895,0.00012081714,7.5299315
event_type_1,Transformer,Saliency,6.314682,base,6.314682,0.000116617455,6.1087837
consumer_sentiment,Transformer,Saliency,3.7445004,base,3.7445004,6.915219e-05,4.9483852
state_cpi,Transformer,Saliency,3.68982,base,3.68982,6.814237e-05,4.570383
month,Transformer,Saliency,3.4501739,base,3.4501739,6.371667e-05,4.182188
day_of_month,Transformer,Saliency,3.4226,base,3.4226,6.3207444e-05,3.8337986
day_of_week,Transformer,Saliency,3.3764799,base,3.3764799,6.2355706e-05,4.204436
state_gas_wow_delta,Transformer,Saliency,3.2437582,base,3.2437582,5.990465e-05,4.0403337
state_gas_price,Transformer,Saliency,3.1130552,base,3.1130552,5.749087e-05,3.7519798
state_ur,Transformer,Saliency,3.000151,base,3.000151,5.5405788e-05,3.8851044
state_snap,Transformer,Saliency,2.6293705,base,2.6293705,4.855834e-05,3.1960905
item_category,Transformer,Saliency,2.0020165,base,2.0020165,3.6972575e-05,2.4740622
event_name_2,Transformer,Saliency,19.022728,baseNoCats,19.022728,0.0003442034,14.197628
sell_price,Transformer,Saliency,12.336321,baseNoCats,12.336321,0.00022321739,11.537578
event_type_2,Transformer,Saliency,9.161802,baseNoCats,9.161802,0.00016577663,8.112505
state_cpi_mom_delta,Transformer,Saliency,8.363493,baseNoCats,8.363493,0.00015133175,7.73412
event_name_1,Transformer,Saliency,7.754799,baseNoCats,7.754799,0.00014031785,6.899647
state_ur_mom_delta,Transformer,Saliency,6.674508,baseNoCats,6.674508,0.00012077071,7.728312
event_type_1,Transformer,Saliency,6.4388657,baseNoCats,6.4388657,0.00011650692,6.251991
consumer_sentiment,Transformer,Saliency,3.8196452,baseNoCats,3.8196452,6.91139e-05,5.085819
state_cpi,Transformer,Saliency,3.7621784,baseNoCats,3.7621784,6.807408e-05,4.6813183
month,Transformer,Saliency,3.5210311,baseNoCats,3.5210311,6.371068e-05,4.2914305
day_of_month,Transformer,Saliency,3.4922128,baseNoCats,3.4922128,6.3189225e-05,3.938071
day_of_week,Transformer,Saliency,3.4264963,baseNoCats,3.4264963,6.200014e-05,4.28629
state_gas_wow_delta,Transformer,Saliency,3.3083704,baseNoCats,3.3083704,5.9862727e-05,4.1418557
state_gas_price,Transformer,Saliency,3.177468,baseNoCats,3.177468,5.749414e-05,3.8524933
state_ur,Transformer,Saliency,3.0569153,baseNoCats,3.0569153,5.5312816e-05,3.9807434
state_snap,Transformer,Saliency,2.683164,baseNoCats,2.683164,4.855004e-05,3.280198
event_name_2,Transformer,Saliency,18.566973,FOODS,18.566973,0.000364762,13.783634
sell_price,Transformer,Saliency,12.067068,FOODS,12.067068,0.00023706653,11.264459
event_type_2,Transformer,Saliency,8.981501,FOODS,8.981501,0.00017644826,7.9771967
state_cpi_mom_delta,Transformer,Saliency,8.169871,FOODS,8.169871,0.00016050322,7.415542
event_name_1,Transformer,Saliency,7.613345,FOODS,7.613345,0.00014956984,6.7845173
state_ur_mom_delta,Transformer,Saliency,6.5290585,FOODS,6.5290585,0.00012826822,7.4902253
event_type_1,Transformer,Saliency,6.3293614,FOODS,6.3293614,0.00012434501,6.133851
consumer_sentiment,Transformer,Saliency,3.7477446,FOODS,3.7477446,7.3627234e-05,4.971243
state_cpi,Transformer,Saliency,3.7163057,FOODS,3.7163057,7.300959e-05,4.6079464
month,Transformer,Saliency,3.4512956,FOODS,3.4512956,6.7803274e-05,4.1782
day_of_week,Transformer,Saliency,3.4442132,FOODS,3.4442132,6.766413e-05,4.246186
day_of_month,Transformer,Saliency,3.3879209,FOODS,3.3879209,6.655823e-05,3.787301
state_gas_wow_delta,Transformer,Saliency,3.2417696,FOODS,3.2417696,6.368697e-05,4.0364323
state_gas_price,Transformer,Saliency,3.0972242,FOODS,3.0972242,6.0847276e-05,3.730268
state_ur,Transformer,Saliency,2.9867697,FOODS,2.9867697,5.8677317e-05,3.865846
state_snap,Transformer,Saliency,2.6307466,FOODS,2.6307466,5.1682975e-05,3.2001576
item_category,Transformer,Saliency,2.0388334,FOODS,2.0388334,4.0054398e-05,2.526992
event_name_2,Transformer,Saliency,18.550278,HOBBIES,18.550278,0.00033526766,13.883776
sell_price,Transformer,Saliency,12.06545,HOBBIES,12.06545,0.0002180644,11.255697
event_type_2,Transformer,Saliency,8.964988,HOBBIES,8.964988,0.00016202833,7.898283
state_cpi_mom_delta,Transformer,Saliency,8.209949,HOBBIES,8.209949,0.00014838217,7.5850434
event_name_1,Transformer,Saliency,7.5889974,HOBBIES,7.5889974,0.00013715943,6.7082295
state_ur_mom_delta,Transformer,Saliency,6.551255,HOBBIES,6.551255,0.000118403834,7.502288
event_type_1,Transformer,Saliency,6.2996774,HOBBIES,6.2996774,0.00011385696,6.080833
consumer_sentiment,Transformer,Saliency,3.7700052,HOBBIES,3.7700052,6.813703e-05,4.9765067
state_cpi,Transformer,Saliency,3.7030582,HOBBIES,3.7030582,6.692707e-05,4.5530562
month,Transformer,Saliency,3.4633164,HOBBIES,3.4633164,6.25941e-05,4.169099
day_of_month,Transformer,Saliency,3.4369178,HOBBIES,3.4369178,6.211699e-05,3.8351774
day_of_week,Transformer,Saliency,3.3676994,HOBBIES,3.3676994,6.0865972e-05,4.253787
state_gas_wow_delta,Transformer,Saliency,3.249869,HOBBIES,3.249869,5.8736376e-05,4.0130787
state_gas_price,Transformer,Saliency,3.1238112,HOBBIES,3.1238112,5.645807e-05,3.7470958
state_ur,Transformer,Saliency,3.0050933,HOBBIES,3.0050933,5.4312426e-05,3.8744402
state_snap,Transformer,Saliency,2.6407676,HOBBIES,2.6407676,4.77278e-05,3.1994295
item_category,Transformer,Saliency,2.008869,HOBBIES,2.008869,3.6307207e-05,2.4641886
event_name_2,Transformer,Saliency,18.547005,HOUSEHOLD,18.547005,0.00032125312,13.916096
sell_price,Transformer,Saliency,12.076447,HOUSEHOLD,12.076447,0.00020917643,11.298077
event_type_2,Transformer,Saliency,8.935797,HOUSEHOLD,8.935797,0.00015477715,7.8427644
state_cpi_mom_delta,Transformer,Saliency,8.228908,HOUSEHOLD,8.228908,0.00014253311,7.732097
event_name_1,Transformer,Saliency,7.567281,HOUSEHOLD,7.567281,0.00013107306,6.6615424
state_ur_mom_delta,Transformer,Saliency,6.558375,HOUSEHOLD,6.558375,0.00011359778,7.515254
event_type_1,Transformer,Saliency,6.277981,HOUSEHOLD,6.277981,0.00010874106,6.062387
consumer_sentiment,Transformer,Saliency,3.7873774,HOUSEHOLD,3.7873774,6.5601256e-05,4.967069
state_cpi,Transformer,Saliency,3.6941447,HOUSEHOLD,3.6941447,6.398637e-05,4.511003
day_of_month,Transformer,Saliency,3.4799154,HOUSEHOLD,3.4799154,6.0275703e-05,3.8972654
month,Transformer,Saliency,3.4715724,HOUSEHOLD,3.4715724,6.0131188e-05,4.1679273
day_of_week,Transformer,Saliency,3.3044093,HOUSEHOLD,3.3044093,5.7235757e-05,4.088954
state_gas_wow_delta,Transformer,Saliency,3.2622173,HOUSEHOLD,3.2622173,5.650495e-05,4.013905
state_gas_price,Transformer,Saliency,3.1492815,HOUSEHOLD,3.1492815,5.4548782e-05,3.7770383
state_ur,Transformer,Saliency,3.0345938,HOUSEHOLD,3.0345938,5.2562275e-05,3.9216638
state_snap,Transformer,Saliency,2.6501882,HOUSEHOLD,2.6501882,4.5903977e-05,3.2126637
item_category,Transformer,Saliency,1.9745058,HOUSEHOLD,1.9745058,3.4200464e-05,2.4142883
day_of_week,Transformer,SmoothGrad,10.741383,base,10.741383,0.00029908586,9.047688
event_type_1,Transformer,SmoothGrad,10.247894,base,10.247894,0.00028534504,11.276911
event_name_2,Transformer,SmoothGrad,9.010175,base,9.010175,0.00025088165,8.250801
sell_price,Transformer,SmoothGrad,8.170823,base,8.170823,0.00022751054,10.535467
consumer_sentiment,Transformer,SmoothGrad,6.653262,base,6.653262,0.00018525516,7.90169
state_cpi_mom_delta,Transformer,SmoothGrad,6.1179605,base,6.1179605,0.00017035009,4.2627463
state_ur,Transformer,SmoothGrad,5.7767367,base,5.7767367,0.00016084895,5.7217045
state_cpi,Transformer,SmoothGrad,5.7566595,base,5.7566595,0.00016028993,4.6309958
event_type_2,Transformer,SmoothGrad,5.4971294,base,5.4971294,0.0001530635,5.030649
state_ur_mom_delta,Transformer,SmoothGrad,5.481205,base,5.481205,0.0001526201,4.956894
day_of_month,Transformer,SmoothGrad,5.45165,base,5.45165,0.00015179717,5.1462555
event_name_1,Transformer,SmoothGrad,4.656643,base,4.656643,0.00012966078,4.9026484
month,Transformer,SmoothGrad,4.404062,base,4.404062,0.00012262784,4.576853
state_gas_price,Transformer,SmoothGrad,3.9756098,base,3.9756098,0.00011069791,3.9081573
state_gas_wow_delta,Transformer,SmoothGrad,3.1690722,base,3.1690722,8.8240464e-05,3.4880836
state_snap,Transformer,SmoothGrad,2.701961,base,2.701961,7.523411e-05,3.302751
item_category,Transformer,SmoothGrad,2.1877694,base,2.1877694,6.091682e-05,3.0597045
day_of_week,Transformer,SmoothGrad,10.986889,baseNoCats,10.986889,0.00029929107,9.328828
event_type_1,Transformer,SmoothGrad,10.472372,baseNoCats,10.472372,0.00028527528,11.635699
event_name_2,Transformer,SmoothGrad,9.209246,baseNoCats,9.209246,0.00025086675,8.51565
sell_price,Transformer,SmoothGrad,8.3633,baseNoCats,8.3633,0.00022782257,10.878827
consumer_sentiment,Transformer,SmoothGrad,6.7957444,baseNoCats,6.7957444,0.00018512119,8.148985
state_cpi_mom_delta,Transformer,SmoothGrad,6.2609563,baseNoCats,6.2609563,0.00017055313,4.3943696
state_ur,Transformer,SmoothGrad,5.899299,baseNoCats,5.899299,0.00016070134,5.899374
state_cpi,Transformer,SmoothGrad,5.8841057,baseNoCats,5.8841057,0.00016028745,4.7731504
event_type_2,Transformer,SmoothGrad,5.6220627,baseNoCats,5.6220627,0.0001531492,5.1903377
state_ur_mom_delta,Transformer,SmoothGrad,5.6011515,baseNoCats,5.6011515,0.00015257957,5.1120477
day_of_month,Transformer,SmoothGrad,5.574828,baseNoCats,5.574828,0.0001518625,5.3104067
event_name_1,Transformer,SmoothGrad,4.7594857,baseNoCats,4.7594857,0.00012965196,5.0555425
month,Transformer,SmoothGrad,4.504111,baseNoCats,4.504111,0.00012269536,4.719666
state_gas_price,Transformer,SmoothGrad,4.065912,baseNoCats,4.065912,0.00011075849,4.0279255
state_gas_wow_delta,Transformer,SmoothGrad,3.2415972,baseNoCats,3.2415972,8.830354e-05,3.6002915
state_snap,Transformer,SmoothGrad,2.7589393,baseNoCats,2.7589393,7.515557e-05,3.4088957
day_of_week,Transformer,SmoothGrad,10.704549,FOODS,10.704549,0.0002949494,9.066972
event_type_1,Transformer,SmoothGrad,10.184347,FOODS,10.184347,0.00028061596,11.265905
event_name_2,Transformer,SmoothGrad,9.083654,FOODS,9.083654,0.00025028785,8.283283
sell_price,Transformer,SmoothGrad,8.182909,FOODS,8.182909,0.00022546902,10.475722
consumer_sentiment,Transformer,SmoothGrad,6.650098,FOODS,6.650098,0.00018323447,7.8503757
state_cpi_mom_delta,Transformer,SmoothGrad,6.133671,FOODS,6.133671,0.00016900503,4.246388
state_ur,Transformer,SmoothGrad,5.7639403,FOODS,5.7639403,0.0001588176,5.7207417
state_cpi,Transformer,SmoothGrad,5.746345,FOODS,5.746345,0.00015833278,4.681989
day_of_month,Transformer,SmoothGrad,5.4849496,FOODS,5.4849496,0.00015113039,5.1643357
event_type_2,Transformer,SmoothGrad,5.4789143,FOODS,5.4789143,0.0001509641,5.080597
state_ur_mom_delta,Transformer,SmoothGrad,5.462856,FOODS,5.462856,0.00015052162,4.9829693
event_name_1,Transformer,SmoothGrad,4.6753755,FOODS,4.6753755,0.00012882367,4.889791
month,Transformer,SmoothGrad,4.4421816,FOODS,4.4421816,0.00012239831,4.5857763
state_gas_price,Transformer,SmoothGrad,3.9509149,FOODS,3.9509149,0.00010886212,3.901332
state_gas_wow_delta,Transformer,SmoothGrad,3.161111,FOODS,3.161111,8.7100154e-05,3.504296
state_snap,Transformer,SmoothGrad,2.6845336,FOODS,2.6845336,7.39687e-05,3.2579367
item_category,Transformer,SmoothGrad,2.20965,FOODS,2.20965,6.0883925e-05,3.0415864
day_of_week,Transformer,SmoothGrad,10.753875,HOBBIES,10.753875,0.0002968139,9.04277
event_type_1,Transformer,SmoothGrad,10.253894,HOBBIES,10.253894,0.0002830141,11.300318
event_name_2,Transformer,SmoothGrad,9.077003,HOBBIES,9.077003,0.00025053113,8.259725
sell_price,Transformer,SmoothGrad,8.133021,HOBBIES,8.133021,0.00022447662,10.547531
consumer_sentiment,Transformer,SmoothGrad,6.605486,HOBBIES,6.605486,0.00018231566,7.8811235
state_cpi_mom_delta,Transformer,SmoothGrad,6.152646,HOBBIES,6.152646,0.000169817,4.267518
state_cpi,Transformer,SmoothGrad,5.7562876,HOBBIES,5.7562876,0.00015887726,4.6154547
state_ur,Transformer,SmoothGrad,5.752991,HOBBIES,5.752991,0.00015878626,5.7106314
event_type_2,Transformer,SmoothGrad,5.47516,HOBBIES,5.47516,0.00015111796,5.028116
state_ur_mom_delta,Transformer,SmoothGrad,5.4642935,HOBBIES,5.4642935,0.00015081803,4.9513354
day_of_month,Transformer,SmoothGrad,5.4446397,HOBBIES,5.4446397,0.00015027556,5.1475077
event_name_1,Transformer,SmoothGrad,4.6751027,HOBBIES,4.6751027,0.00012903585,4.926545
month,Transformer,SmoothGrad,4.4202285,HOBBIES,4.4202285,0.00012200117,4.5647492
state_gas_price,Transformer,SmoothGrad,4.0130787,HOBBIES,4.0130787,0.00011076356,3.9123564
state_gas_wow_delta,Transformer,SmoothGrad,3.144585,HOBBIES,3.144585,8.679258e-05,3.486
state_snap,Transformer,SmoothGrad,2.6982203,HOBBIES,2.6982203,7.447262e-05,3.3125703
item_category,Transformer,SmoothGrad,2.1794903,HOBBIES,2.1794903,6.015534e-05,3.045756
day_of_week,Transformer,SmoothGrad,10.785657,HOUSEHOLD,10.785657,0.00030007723,9.01155
event_type_1,Transformer,SmoothGrad,10.309975,HOUSEHOLD,10.309975,0.00028684284,11.299682
event_name_2,Transformer,SmoothGrad,9.073936,HOUSEHOLD,9.073936,0.00025245393,8.224794
sell_price,Transformer,SmoothGrad,8.082045,HOUSEHOLD,8.082045,0.00022485765,10.630367
consumer_sentiment,Transformer,SmoothGrad,6.5655656,HOUSEHOLD,6.5655656,0.00018266636,7.935679
state_cpi_mom_delta,Transformer,SmoothGrad,6.1674013,HOUSEHOLD,6.1674013,0.00017158868,4.2851663
state_cpi,Transformer,SmoothGrad,5.7686167,HOUSEHOLD,5.7686167,0.00016049374,4.5554833
state_ur,Transformer,SmoothGrad,5.751519,HOUSEHOLD,5.751519,0.00016001805,5.70944
state_ur_mom_delta,Transformer,SmoothGrad,5.4716725,HOUSEHOLD,5.4716725,0.0001522322,4.92251
event_type_2,Transformer,SmoothGrad,5.469189,HOUSEHOLD,5.469189,0.0001521631,4.9630084
day_of_month,Transformer,SmoothGrad,5.407557,HOUSEHOLD,5.407557,0.00015044838,5.129614
event_name_1,Transformer,SmoothGrad,4.671816,HOUSEHOLD,4.671816,0.00012997868,4.9653554
month,Transformer,SmoothGrad,4.407103,HOUSEHOLD,4.407103,0.00012261387,4.5503454
state_gas_price,Transformer,SmoothGrad,4.077562,HOUSEHOLD,4.077562,0.00011344542,3.9279678
state_gas_wow_delta,Transformer,SmoothGrad,3.1268075,HOUSEHOLD,3.1268075,8.6993656e-05,3.466989
state_snap,Transformer,SmoothGrad,2.7119882,HOUSEHOLD,2.7119882,7.5452605e-05,3.3624709
item_category,Transformer,SmoothGrad,2.1515834,HOUSEHOLD,2.1515834,5.9861093e-05,3.05958
