observation_date,GASREGCOVGCW
2011-01-03,2.933
2011-01-10,2.944
2011-01-17,2.961
2011-01-24,2.975
2011-01-31,2.948
2011-02-07,2.987
2011-02-14,3.008
2011-02-21,3.041
2011-02-28,3.255
2011-03-07,3.405
2011-03-14,3.438
2011-03-21,3.424
2011-03-28,3.459
2011-04-04,3.537
2011-04-11,3.656
2011-04-18,3.713
2011-04-25,3.712
2011-05-02,3.791
2011-05-09,3.804
2011-05-16,3.812
2011-05-23,3.703
2011-05-30,3.623
2011-06-06,3.585
2011-06-13,3.557
2011-06-20,3.508
2011-06-27,3.443
2011-07-04,3.413
2011-07-11,3.503
2011-07-18,3.562
2011-07-25,3.594
2011-08-01,3.600
2011-08-08,3.558
2011-08-15,3.500
2011-08-22,3.473
2011-08-29,3.487
2011-09-05,3.513
2011-09-12,3.492
2011-09-19,3.429
2011-09-26,3.336
2011-10-03,3.268
2011-10-10,3.241
2011-10-17,3.313
2011-10-24,3.310
2011-10-31,3.269
2011-11-07,3.235
2011-11-14,3.239
2011-11-21,3.172
2011-11-28,3.125
2011-12-05,3.097
2011-12-12,3.093
2011-12-19,3.048
2011-12-26,3.055
2012-01-02,3.105
2012-01-09,3.203
2012-01-16,3.213
2012-01-23,3.227
2012-01-30,3.290
2012-02-06,3.357
2012-02-13,3.419
2012-02-20,3.473
2012-02-27,3.552
2012-03-05,3.601
2012-03-12,3.618
2012-03-19,3.672
2012-03-26,3.733
2012-04-02,3.776
2012-04-09,3.805
2012-04-16,3.791
2012-04-23,3.739
2012-04-30,3.677
2012-05-07,3.615
2012-05-14,3.548
2012-05-21,3.481
2012-05-28,3.410
2012-06-04,3.363
2012-06-11,3.308
2012-06-18,3.267
2012-06-25,3.191
2012-07-02,3.117
2012-07-09,3.150
2012-07-16,3.181
2012-07-23,3.273
2012-07-30,3.298
2012-08-06,3.406
2012-08-13,3.482
2012-08-20,3.544
2012-08-27,3.591
2012-09-03,3.642
2012-09-10,3.642
2012-09-17,3.663
2012-09-24,3.606
2012-10-01,3.567
2012-10-08,3.542
2012-10-15,3.553
2012-10-22,3.456
2012-10-29,3.348
2012-11-05,3.285
2012-11-12,3.222
2012-11-19,3.182
2012-11-26,3.192
2012-12-03,3.178
2012-12-10,3.136
2012-12-17,3.059
2012-12-24,3.063
2012-12-31,3.112
2013-01-07,3.159
2013-01-14,3.158
2013-01-21,3.147
2013-01-28,3.156
2013-02-04,3.326
2013-02-11,3.378
2013-02-18,3.536
2013-02-25,3.615
2013-03-04,3.570
2013-03-11,3.537
2013-03-18,3.512
2013-03-25,3.479
2013-04-01,3.460
2013-04-08,3.417
2013-04-15,3.348
2013-04-22,3.307
2013-04-29,3.281
2013-05-06,3.284
2013-05-13,3.359
2013-05-20,3.377
2013-05-27,3.356
2013-06-03,3.331
2013-06-10,3.332
2013-06-17,3.374
2013-06-24,3.359
2013-07-01,3.296
2013-07-08,3.284
2013-07-15,3.428
2013-07-22,3.491
2013-07-29,3.460
2013-08-05,3.431
2013-08-12,3.376
2013-08-19,3.364
2013-08-26,3.370
2013-09-02,3.413
2013-09-09,3.384
2013-09-16,3.312
2013-09-23,3.244
2013-09-30,3.186
2013-10-07,3.137
2013-10-14,3.121
2013-10-21,3.134
2013-10-28,3.083
2013-11-04,3.038
2013-11-11,2.987
2013-11-18,3.006
2013-11-25,3.136
2013-12-02,3.122
2013-12-09,3.102
2013-12-16,3.053
2013-12-23,3.051
2013-12-30,3.109
2014-01-06,3.115
2014-01-13,3.106
2014-01-20,3.101
2014-01-27,3.094
2014-02-03,3.087
2014-02-10,3.091
2014-02-17,3.171
2014-02-24,3.217
2014-03-03,3.224
2014-03-10,3.243
2014-03-17,3.273
2014-03-24,3.300
2014-03-31,3.320
2014-04-07,3.378
2014-04-14,3.458
2014-04-21,3.485
2014-04-28,3.491
2014-05-05,3.472
2014-05-12,3.442
2014-05-19,3.433
2014-05-26,3.428
2014-06-02,3.426
2014-06-09,3.411
2014-06-16,3.425
2014-06-23,3.484
2014-06-30,3.475
2014-07-07,3.461
2014-07-14,3.434
2014-07-21,3.396
2014-07-28,3.350
2014-08-04,3.310
2014-08-11,3.280
2014-08-18,3.258
2014-08-25,3.237
2014-09-01,3.218
2014-09-08,3.213
2014-09-15,3.168
2014-09-22,3.126
2014-09-29,3.142
2014-10-06,3.109
2014-10-13,3.013
2014-10-20,2.921
2014-10-27,2.841
2014-11-03,2.786
2014-11-10,2.743
2014-11-17,2.670
2014-11-24,2.594
2014-12-01,2.539
2014-12-08,2.447
2014-12-15,2.338
2014-12-22,2.200
2014-12-29,2.088
2015-01-05,2.012
2015-01-12,1.930
2015-01-19,1.858
2015-01-26,1.849
2015-02-02,1.865
2015-02-09,1.989
2015-02-16,2.081
2015-02-23,2.118
2015-03-02,2.217
2015-03-09,2.230
2015-03-16,2.221
2015-03-23,2.181
2015-03-30,2.179
2015-04-06,2.167
2015-04-13,2.170
2015-04-20,2.233
2015-04-27,2.301
2015-05-04,2.375
2015-05-11,2.424
2015-05-18,2.463
2015-05-25,2.486
2015-06-01,2.487
2015-06-08,2.526
2015-06-15,2.579
2015-06-22,2.565
2015-06-29,2.535
2015-07-06,2.514
2015-07-13,2.515
2015-07-20,2.478
2015-07-27,2.427
2015-08-03,2.381
2015-08-10,2.326
2015-08-17,2.333
2015-08-24,2.286
2015-08-31,2.191
2015-09-07,2.141
2015-09-14,2.097
2015-09-21,2.027
2015-09-28,2.023
2015-10-05,2.037
2015-10-12,2.059
2015-10-19,2.011
2015-10-26,1.952
2015-11-02,1.924
2015-11-09,1.981
2015-11-16,1.931
2015-11-23,1.860
2015-11-30,1.833
2015-12-07,1.817
2015-12-14,1.789
2015-12-21,1.779
2015-12-28,1.758
2016-01-04,1.750
2016-01-11,1.722
2016-01-18,1.674
2016-01-25,1.628
2016-02-01,1.596
2016-02-08,1.568
2016-02-15,1.536
2016-02-22,1.536
2016-02-29,1.565
2016-03-07,1.603
2016-03-14,1.751
2016-03-21,1.805
2016-03-28,1.858
2016-04-04,1.858
2016-04-11,1.827
2016-04-18,1.907
2016-04-25,1.914
2016-05-02,2.006
2016-05-09,1.995
2016-05-16,1.991
2016-05-23,2.060
2016-05-30,2.091
2016-06-06,2.137
2016-06-13,2.130
2016-06-20,2.094
2016-06-27,2.091
