feature,method,sens_pct,sub_method,dir_pct,dir_abs,var_pct
item_category,DeepLIFT,28.758919,base,31.202745,3.70E-06,32.811634
day_of_week,DeepLIFT,21.027088,base,-1.409894,-1.67E-07,11.186664
state_ur,DeepLIFT,15.814617,base,3.3670359,3.99E-07,17.962433
state_cpi,DeepLIFT,7.102868,base,-5.5628953,-6.60E-07,6.950797
consumer_sentiment,DeepLIFT,5.7673383,base,6.9331183,8.22E-07,8.8893175
state_gas_price,DeepLIFT,4.86471,base,-7.0732517,-8.39E-07,5.9797716
month,DeepLIFT,4.807304,base,-5.5280523,-6.55E-07,5.0301127
state_snap,DeepLIFT,4.466481,base,49.178158,5.83E-06,2.7951279
day_of_month,DeepLIFT,4.0061,base,31.252104,3.71E-06,3.5209477
event_type_1,DeepLIFT,1.1505795,base,2.9298298,3.47E-07,1.1531763
event_name_1,DeepLIFT,0.86391485,base,1.6925917,2.01E-07,1.2299752
sell_price,DeepLIFT,0.80447596,base,1.6117798,1.91E-07,0.6984797
state_ur_mom_delta,DeepLIFT,0.3169634,base,-5.3495073,-6.34E-07,1.3130082
state_gas_wow_delta,DeepLIFT,0.15146293,base,-1.6506884,-1.96E-07,0.117605984
state_cpi_mom_delta,DeepLIFT,0.097179286,base,-1.5930613,-1.89E-07,0.3609519
event_name_2,DeepLIFT,0,base,0,0,0
event_type_2,DeepLIFT,0,base,0,0,0
day_of_week,DeepLIFT,29.251076,baseNoCats,-2.1666253,-1.75E-07,16.297771
state_ur,DeepLIFT,22.428122,baseNoCats,4.839981,3.90E-07,26.936684
state_cpi,DeepLIFT,10.044522,baseNoCats,-8.148144,-6.57E-07,10.423612
consumer_sentiment,DeepLIFT,8.16035,baseNoCats,10.394748,8.39E-07,13.381349
state_gas_price,DeepLIFT,6.8469257,baseNoCats,-10.334282,-8.34E-07,8.960873
month,DeepLIFT,6.8372436,baseNoCats,-8.075044,-6.51E-07,7.5435905
state_snap,DeepLIFT,6.20853,baseNoCats,71.11128,5.74E-06,4.1681895
day_of_month,DeepLIFT,5.5716596,baseNoCats,45.455135,3.67E-06,5.2398467
event_type_1,DeepLIFT,1.5930206,baseNoCats,4.299633,3.47E-07,1.6753966
event_name_1,DeepLIFT,1.1287966,baseNoCats,2.5098898,2.02E-07,1.6534437
sell_price,DeepLIFT,1.1256173,baseNoCats,2.7392523,2.21E-07,1.0351768
state_ur_mom_delta,DeepLIFT,0.45002028,baseNoCats,-7.8452334,-6.33E-07,1.9675431
state_gas_wow_delta,DeepLIFT,0.21553594,baseNoCats,-2.4357827,-1.96E-07,0.17604771
state_cpi_mom_delta,DeepLIFT,0.138595,baseNoCats,-2.3448086,-1.89E-07,0.5404776
event_name_2,DeepLIFT,0,baseNoCats,0,0,0
event_type_2,DeepLIFT,0,baseNoCats,0,0,0
item_category,DeepLIFT,29.66759,FOODS,28.970173,3.92E-06,33.339497
day_of_week,DeepLIFT,20.65417,FOODS,-1.289547,-1.74E-07,11.957714
state_ur,DeepLIFT,15.702744,FOODS,3.8323457,5.18E-07,18.10715
state_cpi,DeepLIFT,7.007649,FOODS,-5.0640774,-6.84E-07,6.952426
consumer_sentiment,DeepLIFT,5.8180594,FOODS,6.635323,8.97E-07,9.004336
state_snap,DeepLIFT,4.92399,FOODS,48.150177,6.51E-06,2.8578706
month,DeepLIFT,4.6445074,FOODS,-4.6622415,-6.30E-07,5.009058
state_gas_price,DeepLIFT,4.558972,FOODS,-6.54117,-8.84E-07,5.968873
day_of_month,DeepLIFT,3.8536038,FOODS,28.672165,3.88E-06,3.4353447
event_type_1,DeepLIFT,1.0912162,FOODS,2.8641112,3.87E-07,1.1914809
event_name_1,DeepLIFT,0.8852732,FOODS,1.4517907,1.96E-07,1.2463055
sell_price,DeepLIFT,0.669488,FOODS,4.039128,5.46E-07,0.4937186
state_ur_mom_delta,DeepLIFT,0.29393002,FOODS,-4.4805784,-6.06E-07,0.30118737
state_gas_wow_delta,DeepLIFT,0.1418488,FOODS,-1.2764298,-1.73E-07,0.108694725
state_cpi_mom_delta,DeepLIFT,0.08695387,FOODS,-1.3011621,-1.76E-07,0.026347319
event_name_2,DeepLIFT,0,FOODS,0,0,0
event_type_2,DeepLIFT,0,FOODS,0,0,0
day_of_week,DeepLIFT,27.339067,HOBBIES,-2.0311735,-1.53E-07,14.586565
state_ur,DeepLIFT,21.006607,HOBBIES,5.1278567,3.86E-07,24.408766
state_cpi,DeepLIFT,9.427041,HOBBIES,-8.628433,-6.50E-07,9.469238
consumer_sentiment,DeepLIFT,7.6264033,HOBBIES,10.548887,7.95E-07,12.130293
state_gas_price,DeepLIFT,6.4706845,HOBBIES,-10.846743,-8.17E-07,8.141721
month,DeepLIFT,6.4195604,HOBBIES,-8.646575,-6.52E-07,6.8479834
item_category,DeepLIFT,5.87905,HOBBIES,-0.9294479,-7.00E-08,6.372485
state_snap,DeepLIFT,5.740994,HOBBIES,74.727165,5.63E-06,3.7695158
day_of_month,DeepLIFT,5.222582,HOBBIES,48.027752,3.62E-06,4.734551
event_type_1,DeepLIFT,1.4995948,HOBBIES,4.4863067,3.38E-07,1.5017188
sell_price,DeepLIFT,1.4283929,HOBBIES,1.6816556,1.27E-07,1.2854381
event_name_1,DeepLIFT,1.0492395,HOBBIES,2.7116473,2.04E-07,1.481997
state_ur_mom_delta,DeepLIFT,0.52745336,HOBBIES,-10.448237,-7.87E-07,3.9803941
state_gas_wow_delta,DeepLIFT,0.20242491,HOBBIES,-2.6420758,-1.99E-07,0.15122038
state_cpi_mom_delta,DeepLIFT,0.16090159,HOBBIES,-3.1385865,-2.37E-07,1.1381152
event_name_2,DeepLIFT,0,HOBBIES,0,0,0
event_type_2,DeepLIFT,0,HOBBIES,0,0,0
item_category,DeepLIFT,36.086784,HOUSEHOLD,45.669518,5.42E-06,37.687115
day_of_week,DeepLIFT,19.174698,HOUSEHOLD,-1.3158222,-1.56E-07,9.885318
state_ur,DeepLIFT,14.015924,HOUSEHOLD,1.902924,2.26E-07,17.070637
state_cpi,DeepLIFT,6.3908167,HOUSEHOLD,-5.224324,-6.21E-07,6.751233
consumer_sentiment,DeepLIFT,4.9908767,HOUSEHOLD,6.1588993,7.32E-07,8.353373
state_gas_price,DeepLIFT,4.6761265,HOUSEHOLD,-6.716091,-7.98E-07,5.792634
month,DeepLIFT,4.412899,HOUSEHOLD,-5.7932224,-6.88E-07,4.868452
day_of_month,DeepLIFT,3.7529912,HOUSEHOLD,29.311731,3.48E-06,3.5203152
state_snap,DeepLIFT,3.3882153,HOUSEHOLD,42.32017,5.03E-06,2.6074238
event_type_1,DeepLIFT,1.0972371,HOUSEHOLD,2.511359,2.98E-07,1.0776099
event_name_1,DeepLIFT,0.7668594,HOUSEHOLD,1.7235,2.05E-07,1.22539
sell_price,DeepLIFT,0.74671066,HOUSEHOLD,-2.1693966,-2.58E-07,0.73624665
state_ur_mom_delta,DeepLIFT,0.2679631,HOUSEHOLD,-4.9594803,-5.89E-07,0.27788803
state_gas_wow_delta,DeepLIFT,0.14501086,HOUSEHOLD,-1.8952893,-2.25E-07,0.12317301
state_cpi_mom_delta,DeepLIFT,0.08688833,HOUSEHOLD,-1.5244707,-1.81E-07,0.02319243
event_name_2,DeepLIFT,0,HOUSEHOLD,0,0,0
event_type_2,DeepLIFT,0,HOUSEHOLD,0,0,0
item_category,IntegratedGradients,29.893728,base,33.83776,1.81E-06,36.42888
day_of_week,IntegratedGradients,22.012045,base,-1.9617906,-1.05E-07,11.039252
state_ur,IntegratedGradients,16.840736,base,3.3174813,1.78E-07,19.914783
state_cpi,IntegratedGradients,7.386267,base,-6.2081814,-3.33E-07,6.733803
consumer_sentiment,IntegratedGradients,5.392328,base,7.856168,4.21E-07,8.183679
state_gas_price,IntegratedGradients,4.8400497,base,-7.8126035,-4.19E-07,5.5465994
month,IntegratedGradients,4.4615097,base,-6.1555195,-3.30E-07,3.8151047
state_snap,IntegratedGradients,3.3198462,base,54.04128,2.90E-06,1.5929265
day_of_month,IntegratedGradients,2.976985,base,35.01699,1.88E-06,2.532705
event_type_1,IntegratedGradients,1.0008502,base,3.2553787,1.75E-07,0.8657944
sell_price,IntegratedGradients,0.8017164,base,1.8096404,9.71E-08,0.63024974
event_name_1,IntegratedGradients,0.46342427,base,1.8770611,1.01E-07,0.5876372
state_ur_mom_delta,IntegratedGradients,0.34378165,base,-11.703938,-6.28E-07,1.5489147
state_gas_wow_delta,IntegratedGradients,0.16087085,base,-3.680802,-1.97E-07,0.12870987
state_cpi_mom_delta,IntegratedGradients,0.10586044,base,-3.4889288,-1.87E-07,0.45095378
event_name_2,IntegratedGradients,0,base,0,0,0
event_type_2,IntegratedGradients,0,base,0,0,0
day_of_week,IntegratedGradients,31.241295,baseNoCats,-3.0490122,-1.08E-07,17.251158
state_ur,IntegratedGradients,24.144073,baseNoCats,5.022072,1.77E-07,31.469976
state_cpi,IntegratedGradients,10.585524,baseNoCats,-9.486602,-3.35E-07,10.644605
consumer_sentiment,IntegratedGradients,7.723489,baseNoCats,11.983623,4.23E-07,12.950295
state_gas_price,IntegratedGradients,6.911951,baseNoCats,-11.867602,-4.19E-07,8.746343
month,IntegratedGradients,6.407421,baseNoCats,-9.373905,-3.31E-07,6.018951
state_snap,IntegratedGradients,4.7024584,baseNoCats,81.49942,2.87E-06,2.483555
day_of_month,IntegratedGradients,4.2222533,baseNoCats,52.992207,1.87E-06,3.9553564
event_type_1,IntegratedGradients,1.4312692,baseNoCats,4.9483395,1.75E-07,1.339259
sell_price,IntegratedGradients,1.1442013,baseNoCats,3.174113,1.12E-07,0.9866517
event_name_1,IntegratedGradients,0.6099877,baseNoCats,2.8667736,1.01E-07,0.785168
state_ur_mom_delta,IntegratedGradients,0.4909646,baseNoCats,-17.759827,-6.26E-07,2.4527907
state_gas_wow_delta,IntegratedGradients,0.23253147,baseNoCats,-5.6188955,-1.98E-07,0.20323387
state_cpi_mom_delta,IntegratedGradients,0.15258116,baseNoCats,-5.3307123,-1.88E-07,0.71265686
event_name_2,IntegratedGradients,0,baseNoCats,0,0,0
event_type_2,IntegratedGradients,0,baseNoCats,0,0,0
item_category,IntegratedGradients,31.290955,FOODS,33.2661,2.15E-06,36.60347
day_of_week,IntegratedGradients,21.408855,FOODS,-1.6784717,-1.08E-07,11.625302
state_ur,IntegratedGradients,16.648016,FOODS,3.4887002,2.25E-07,20.455463
state_cpi,IntegratedGradients,7.277368,FOODS,-5.310242,-3.43E-07,6.940932
consumer_sentiment,IntegratedGradients,5.374459,FOODS,6.8806677,4.44E-07,8.318979
state_gas_price,IntegratedGradients,4.595507,FOODS,-6.701818,-4.33E-07,5.6322083
month,IntegratedGradients,4.3356442,FOODS,-5.002101,-3.23E-07,3.858836
state_snap,IntegratedGradients,3.5925646,FOODS,48.213882,3.11E-06,1.68868
day_of_month,IntegratedGradients,2.8610532,FOODS,29.865126,1.93E-06,2.4811647
event_type_1,IntegratedGradients,0.94207144,FOODS,2.9124255,1.88E-07,0.93439734
sell_price,IntegratedGradients,0.6611773,FOODS,7.4100285,4.79E-07,0.43811053
event_name_1,IntegratedGradients,0.44419616,FOODS,1.5217979,9.83E-08,0.5218056
state_ur_mom_delta,IntegratedGradients,0.3186906,FOODS,-9.27527,-5.99E-07,0.34880996
state_gas_wow_delta,IntegratedGradients,0.15340355,FOODS,-2.8491015,-1.84E-07,0.12287566
state_cpi_mom_delta,IntegratedGradients,0.09603365,FOODS,-2.741727,-1.77E-07,0.028966207
event_name_2,IntegratedGradients,0,FOODS,0,0,0
event_type_2,IntegratedGradients,0,FOODS,0,0,0
day_of_week,IntegratedGradients,28.857697,HOBBIES,-3.3583033,-1.01E-07,14.981929
state_ur,IntegratedGradients,22.643112,HOBBIES,5.8758335,1.78E-07,28.161156
state_cpi,IntegratedGradients,9.8916025,HOBBIES,-11.127168,-3.36E-07,9.53278
consumer_sentiment,IntegratedGradients,7.202644,HOBBIES,13.656213,4.13E-07,11.536392
state_gas_price,IntegratedGradients,6.536649,HOBBIES,-13.560365,-4.10E-07,7.81113
item_category,IntegratedGradients,6.369759,HOBBIES,-1.8580377,-5.61E-08,7.281792
month,IntegratedGradients,5.98803,HOBBIES,-10.912839,-3.30E-07,5.369192
state_snap,IntegratedGradients,4.253883,HOBBIES,94.10454,2.84E-06,2.168375
day_of_month,IntegratedGradients,3.9479766,HOBBIES,61.286163,1.85E-06,3.5490143
sell_price,IntegratedGradients,1.455676,HOBBIES,-2.489815,-7.52E-08,1.2084141
event_type_1,IntegratedGradients,1.3188794,HOBBIES,5.7307477,1.73E-07,1.2023971
state_ur_mom_delta,IntegratedGradients,0.5785735,HOBBIES,-26.198233,-7.91E-07,4.864833
event_name_1,IntegratedGradients,0.5640439,HOBBIES,3.3404403,1.01E-07,0.7203267
state_gas_wow_delta,IntegratedGradients,0.21417215,HOBBIES,-6.5472374,-1.98E-07,0.16720527
state_cpi_mom_delta,IntegratedGradients,0.17729633,HOBBIES,-7.9419255,-2.40E-07,1.4450611
event_name_2,IntegratedGradients,0,HOBBIES,0,0,0
event_type_2,IntegratedGradients,0,HOBBIES,0,0,0
item_category,IntegratedGradients,37.97879,HOUSEHOLD,46.284058,2.34E-06,42.26875
day_of_week,IntegratedGradients,19.496891,HOUSEHOLD,-1.9955307,-1.01E-07,9.673199
state_ur,IntegratedGradients,14.941104,HOUSEHOLD,2.3952956,1.21E-07,18.6095
state_cpi,IntegratedGradients,6.568518,HOUSEHOLD,-6.3794875,-3.22E-07,6.4636035
consumer_sentiment,IntegratedGradients,4.686762,HOUSEHOLD,7.7173414,3.89E-07,7.5732017
state_gas_price,IntegratedGradients,4.534874,HOUSEHOLD,-7.9663715,-4.02E-07,5.3039765
month,IntegratedGradients,4.0348625,HOUSEHOLD,-6.7545457,-3.41E-07,3.6465435
day_of_month,IntegratedGradients,2.7206213,HOUSEHOLD,35.70748,1.80E-06,2.5163481
state_snap,IntegratedGradients,2.4418232,HOUSEHOLD,51.94772,2.62E-06,1.3618188
event_type_1,IntegratedGradients,0.9093167,HOUSEHOLD,3.1042166,1.57E-07,0.794027
sell_price,IntegratedGradients,0.7296499,HOUSEHOLD,-6.6195803,-3.34E-07,0.64832693
event_name_1,IntegratedGradients,0.4305428,HOUSEHOLD,2.0246425,1.02E-07,0.6676905
state_ur_mom_delta,IntegratedGradients,0.28831765,HOUSEHOLD,-11.719586,-5.91E-07,0.3163224
state_gas_wow_delta,IntegratedGradients,0.14714298,HOUSEHOLD,-4.1844187,-2.11E-07,0.13132384
state_cpi_mom_delta,IntegratedGradients,0.0907868,HOUSEHOLD,-3.561224,-1.80E-07,0.025371736
event_name_2,IntegratedGradients,0,HOUSEHOLD,0,0,0
event_type_2,IntegratedGradients,0,HOUSEHOLD,0,0,0
item_category,GradientSHAP,29.888535,base,-3.0955138,3.46E-08,36.08166
day_of_week,GradientSHAP,23.034288,base,-36.028473,4.02E-07,11.544214
state_ur,GradientSHAP,16.644207,base,57.54187,-6.43E-07,19.983513
state_cpi,GradientSHAP,7.4425564,base,1.3990868,-1.56E-08,6.7033896
consumer_sentiment,GradientSHAP,5.5145245,base,-28.298786,3.16E-07,8.081573
state_gas_price,GradientSHAP,4.960122,base,49.806946,-5.56E-07,5.5407805
month,GradientSHAP,4.45303,base,18.872885,-2.11E-07,3.815427
day_of_month,GradientSHAP,3.041903,base,-11.902348,1.33E-07,2.4948363
state_snap,GradientSHAP,2.7060177,base,29.495182,-3.29E-07,1.6236448
event_type_1,GradientSHAP,0.9512091,base,6.6807213,-7.46E-08,0.8693032
sell_price,GradientSHAP,0.7995574,base,16.440062,-1.84E-07,0.6251665
event_name_1,GradientSHAP,0.53189164,base,-4.9571695,5.54E-08,0.6016877
state_ur_mom_delta,GradientSHAP,0.022053804,base,3.089389,-3.45E-08,1.4695655
state_cpi_mom_delta,GradientSHAP,0.006084628,base,1.0241826,-1.14E-08,0.4402721
state_gas_wow_delta,GradientSHAP,0.004018482,base,-0.06803269,7.60E-10,0.12497861
event_name_2,GradientSHAP,0,base,0,0,0
event_type_2,GradientSHAP,0,base,0,0,0
day_of_week,GradientSHAP,31.625902,baseNoCats,25.623646,-3.56E-07,16.945158
state_ur,GradientSHAP,24.428541,baseNoCats,59.47312,-8.26E-07,31.42375
state_cpi,GradientSHAP,10.817244,baseNoCats,9.694388,-1.35E-07,10.648977
consumer_sentiment,GradientSHAP,7.9503016,baseNoCats,-22.976267,3.19E-07,12.92378
state_gas_price,GradientSHAP,7.009488,baseNoCats,31.642643,-4.39E-07,8.762727
month,GradientSHAP,6.423622,baseNoCats,5.28746,-7.34E-08,6.048963
day_of_month,GradientSHAP,4.2564273,baseNoCats,-9.191341,1.28E-07,3.93228
state_snap,GradientSHAP,3.9408169,baseNoCats,11.824471,-1.64E-07,2.6330886
event_type_1,GradientSHAP,1.3822979,baseNoCats,2.8499207,-3.96E-08,1.3503815
sell_price,GradientSHAP,1.1597333,baseNoCats,4.3292704,-6.01E-08,0.9895593
event_name_1,GradientSHAP,0.6930576,baseNoCats,-3.5627804,4.95E-08,0.79345256
state_ur_mom_delta,GradientSHAP,0.24260971,baseNoCats,-17.366999,2.41E-07,2.616511
state_gas_wow_delta,GradientSHAP,0.061132584,baseNoCats,1.5447763,-2.14E-08,0.22581483
state_cpi_mom_delta,GradientSHAP,0.008831244,baseNoCats,0.82770383,-1.15E-08,0.7055503
event_name_2,GradientSHAP,0,baseNoCats,0,0,0
event_type_2,GradientSHAP,0,baseNoCats,0,0,0
day_of_week,GradientSHAP,31.732386,FOODS,-6.6077456,5.18E-08,19.360693
state_ur,GradientSHAP,24.190832,FOODS,67.82592,-5.31E-07,31.775919
state_cpi,GradientSHAP,10.778251,FOODS,22.560871,-1.77E-07,10.97723
consumer_sentiment,GradientSHAP,8.27407,FOODS,-47.18366,3.70E-07,13.02704
state_gas_price,GradientSHAP,6.518213,FOODS,49.929844,-3.91E-07,8.761462
month,GradientSHAP,6.137954,FOODS,11.130702,-8.72E-08,5.975634
state_snap,GradientSHAP,5.0832276,FOODS,6.9314694,-5.43E-08,2.8587506
day_of_month,GradientSHAP,4.3960905,FOODS,-12.239607,9.59E-08,3.7511208
event_type_1,GradientSHAP,1.3232214,FOODS,6.2981153,-4.93E-08,1.6969448
event_name_1,GradientSHAP,0.80938566,FOODS,-0.50034314,3.92E-09,0.9787608
sell_price,GradientSHAP,0.7516307,FOODS,1.9567457,-1.53E-08,0.65917325
state_gas_wow_delta,GradientSHAP,0.004734076,FOODS,-0.10230448,8.01E-10,0.17727087
state_ur_mom_delta,GradientSHAP,0,FOODS,0,0,0
state_cpi_mom_delta,GradientSHAP,0,FOODS,0,0,0
event_type_2,GradientSHAP,0,FOODS,0,0,0
event_name_2,GradientSHAP,0,FOODS,0,0,0
item_category,GradientSHAP,0,FOODS,0,0,0
day_of_week,GradientSHAP,30.55513,HOBBIES,-13.838947,9.52E-08,15.266345
state_ur,GradientSHAP,24.544348,HOBBIES,84.97214,-5.85E-07,30.664482
state_cpi,GradientSHAP,10.838974,HOBBIES,18.993633,-1.31E-07,10.376412
consumer_sentiment,GradientSHAP,8.152401,HOBBIES,-35.76211,2.46E-07,12.611336
state_gas_price,GradientSHAP,7.179176,HOBBIES,66.52966,-4.58E-07,8.517478
month,GradientSHAP,6.5727143,HOBBIES,-17.067858,1.17E-07,5.926403
day_of_month,GradientSHAP,4.2745023,HOBBIES,-41.95427,2.89E-07,3.8392377
state_snap,GradientSHAP,3.9049919,HOBBIES,-2.7836676,1.92E-08,2.504347
sell_price,GradientSHAP,1.610654,HOBBIES,9.50668,-6.54E-08,1.2519329
event_type_1,GradientSHAP,1.3734956,HOBBIES,7.7984614,-5.37E-08,1.2597978
event_name_1,GradientSHAP,0.7141366,HOBBIES,-3.0615668,2.11E-08,0.8501386
state_ur_mom_delta,GradientSHAP,0.19140354,HOBBIES,24.276564,-1.67E-07,5.186297
state_cpi_mom_delta,GradientSHAP,0.08245878,HOBBIES,2.4518178,-1.69E-08,1.5676655
state_gas_wow_delta,GradientSHAP,0.005607305,HOBBIES,-0.060528748,4.16E-10,0.17813309
event_type_2,GradientSHAP,0,HOBBIES,0,0,0
event_name_2,GradientSHAP,0,HOBBIES,0,0,0
item_category,GradientSHAP,0,HOBBIES,0,0,0
day_of_week,GradientSHAP,32.328884,HOUSEHOLD,321.47467,7.78E-07,16.161613
state_ur,GradientSHAP,24.653755,HOUSEHOLD,-319.43466,-7.73E-07,32.409496
state_cpi,GradientSHAP,10.335602,HOUSEHOLD,-27.101025,-6.56E-08,11.104982
consumer_sentiment,GradientSHAP,8.00175,HOUSEHOLD,134.10384,3.25E-07,13.1153
state_gas_price,GradientSHAP,7.4170737,HOUSEHOLD,-82.44878,-2.00E-07,9.568667
month,GradientSHAP,6.5901012,HOUSEHOLD,36.927776,8.94E-08,6.486744
day_of_month,GradientSHAP,4.4927793,HOUSEHOLD,131.35196,3.18E-07,4.5844836
state_snap,GradientSHAP,2.6094747,HOUSEHOLD,-5.5838575,-1.35E-08,2.1697278
event_type_1,GradientSHAP,1.5914295,HOUSEHOLD,15.724273,3.81E-08,1.4958462
sell_price,GradientSHAP,1.1087615,HOUSEHOLD,-81.19542,-1.97E-07,1.0744364
event_name_1,GradientSHAP,0.86282873,HOUSEHOLD,-23.904327,-5.79E-08,1.5913941
state_gas_wow_delta,GradientSHAP,0.007560002,HOUSEHOLD,0.08555567,2.07E-10,0.23729858
state_ur_mom_delta,GradientSHAP,0,HOUSEHOLD,0,0,0
state_cpi_mom_delta,GradientSHAP,0,HOUSEHOLD,0,0,0
event_type_2,GradientSHAP,0,HOUSEHOLD,0,0,0
event_name_2,GradientSHAP,0,HOUSEHOLD,0,0,0
item_category,GradientSHAP,0,HOUSEHOLD,0,0,0
item_category,DeepLIFTSHAP,30.094522,base,30.608099,3.67E-06,35.258
day_of_week,DeepLIFTSHAP,21.972094,base,-3.184278,-3.82E-07,12.2902355
state_ur,DeepLIFTSHAP,16.109108,base,4.150017,4.98E-07,19.665955
state_cpi,DeepLIFTSHAP,7.1677456,base,-5.2835016,-6.33E-07,6.691584
consumer_sentiment,DeepLIFTSHAP,5.2409506,base,7.027176,8.43E-07,7.989408
state_gas_price,DeepLIFTSHAP,4.93456,base,-7.960358,-9.54E-07,5.4553723
month,DeepLIFTSHAP,4.278469,base,-6.845135,-8.21E-07,3.749067
state_snap,DeepLIFTSHAP,3.898697,base,46.956383,5.63E-06,1.6766757
day_of_month,DeepLIFTSHAP,3.7408092,base,29.915806,3.59E-06,2.7371368
event_type_1,DeepLIFTSHAP,1.0536045,base,3.2814298,3.93E-07,0.9826885
sell_price,DeepLIFTSHAP,0.7617875,base,-0.004455157,-5.34E-10,0.6373249
event_name_1,DeepLIFTSHAP,0.7129134,base,1.6367779,1.96E-07,0.8832249
state_ur_mom_delta,DeepLIFTSHAP,0.025281744,base,-0.2142335,-2.57E-08,1.4430146
state_cpi_mom_delta,DeepLIFTSHAP,0.005590019,base,-0.0901728,-1.08E-08,0.41552344
state_gas_wow_delta,DeepLIFTSHAP,0.003869777,base,0.006448824,7.73E-10,0.12479027
event_name_2,DeepLIFTSHAP,0,base,0,0,0
event_type_2,DeepLIFTSHAP,0,base,0,0,0
day_of_week,DeepLIFTSHAP,30.954304,baseNoCats,-2.3773665,-2.09E-07,18.643381
state_ur,DeepLIFTSHAP,23.724289,baseNoCats,4.124934,3.62E-07,30.636337
state_cpi,DeepLIFTSHAP,10.241139,baseNoCats,-7.2910624,-6.40E-07,10.498647
consumer_sentiment,DeepLIFTSHAP,8.009299,baseNoCats,9.027725,7.92E-07,12.480922
state_gas_price,DeepLIFTSHAP,6.738949,baseNoCats,-9.185368,-8.06E-07,8.449181
month,DeepLIFTSHAP,6.199793,baseNoCats,-9.048963,-7.94E-07,5.975458
state_snap,DeepLIFTSHAP,5.5033617,baseNoCats,63.914234,5.61E-06,2.5806372
day_of_month,DeepLIFTSHAP,5.2145014,baseNoCats,43.576233,3.82E-06,4.226806
event_type_1,DeepLIFTSHAP,1.4171722,baseNoCats,2.9909706,2.63E-07,1.4501373
sell_price,DeepLIFTSHAP,1.1237803,baseNoCats,2.4301264,2.13E-07,0.95992994
event_name_1,DeepLIFTSHAP,0.825187,baseNoCats,2.256854,1.98E-07,0.9808991
state_ur_mom_delta,DeepLIFTSHAP,0.03467036,baseNoCats,-0.3038857,-2.67E-08,2.2701638
state_cpi_mom_delta,DeepLIFTSHAP,0.008034464,baseNoCats,-0.12339511,-1.08E-08,0.65341026
state_gas_wow_delta,DeepLIFTSHAP,0.00552479,baseNoCats,0.008963917,7.87E-10,0.19408986
event_name_2,DeepLIFTSHAP,0,baseNoCats,0,0,0
event_type_2,DeepLIFTSHAP,0,baseNoCats,0,0,0
day_of_week,DeepLIFTSHAP,31.408134,FOODS,-11.537415,-1.03E-06,20.70244
state_ur,DeepLIFTSHAP,23.215399,FOODS,8.389246,7.46E-07,31.308832
state_cpi,DeepLIFTSHAP,10.308229,FOODS,-7.5871983,-6.75E-07,10.475313
consumer_sentiment,DeepLIFTSHAP,7.703477,FOODS,10.192429,9.07E-07,12.619379
state_gas_price,DeepLIFTSHAP,6.713766,FOODS,-10.7327385,-9.55E-07,8.500506
state_snap,DeepLIFTSHAP,6.3540115,FOODS,70.19811,6.25E-06,2.7423043
month,DeepLIFTSHAP,6.0005918,FOODS,-10.548496,-9.39E-07,5.804446
day_of_month,DeepLIFTSHAP,5.1398344,FOODS,43.75716,3.89E-06,4.151468
event_type_1,DeepLIFTSHAP,1.3727967,FOODS,3.5396154,3.15E-07,1.5527765
event_name_1,DeepLIFTSHAP,1.0275946,FOODS,2.0704873,1.84E-07,1.3505448
sell_price,DeepLIFTSHAP,0.7417723,FOODS,2.33001,2.07E-07,0.61394083
state_gas_wow_delta,DeepLIFTSHAP,0.014397065,FOODS,-0.07121971,-6.34E-09,0.17804949
state_ur_mom_delta,DeepLIFTSHAP,0,FOODS,0,0,0
state_cpi_mom_delta,DeepLIFTSHAP,0,FOODS,0,0,0
event_type_2,DeepLIFTSHAP,0,FOODS,0,0,0
event_name_2,DeepLIFTSHAP,0,FOODS,0,0,0
item_category,DeepLIFTSHAP,0,FOODS,0,0,0
day_of_week,DeepLIFTSHAP,30.207363,HOBBIES,-6.32647,-5.29E-07,17.272749
state_ur,DeepLIFTSHAP,24.695679,HOBBIES,1.6938217,1.42E-07,30.1195
state_cpi,DeepLIFTSHAP,10.168793,HOBBIES,-7.7669725,-6.49E-07,10.028667
consumer_sentiment,DeepLIFTSHAP,7.851801,HOBBIES,8.991263,7.52E-07,11.979536
state_gas_price,DeepLIFTSHAP,6.5506725,HOBBIES,-8.097407,-6.77E-07,8.229016
month,DeepLIFTSHAP,6.092705,HOBBIES,-9.795961,-8.19E-07,5.7214985
state_snap,DeepLIFTSHAP,5.2903028,HOBBIES,66.79376,5.58E-06,2.5071883
day_of_month,DeepLIFTSHAP,5.139299,HOBBIES,47.122944,3.94E-06,4.0306387
sell_price,DeepLIFTSHAP,1.5054598,HOBBIES,1.9492415,1.63E-07,1.2507647
event_type_1,DeepLIFTSHAP,1.4303043,HOBBIES,4.5912986,3.84E-07,1.3660097
event_name_1,DeepLIFTSHAP,0.77246463,HOBBIES,2.155868,1.80E-07,0.9518266
state_ur_mom_delta,DeepLIFTSHAP,0.18146642,HOBBIES,-1.7396222,-1.45E-07,4.9488263
state_cpi_mom_delta,DeepLIFTSHAP,0.10859887,HOBBIES,0.42417085,3.55E-08,1.4236782
state_gas_wow_delta,DeepLIFTSHAP,0.005096012,HOBBIES,0.004074364,3.41E-10,0.170096
event_type_2,DeepLIFTSHAP,0,HOBBIES,0,0,0
event_name_2,DeepLIFTSHAP,0,HOBBIES,0,0,0
item_category,DeepLIFTSHAP,0,HOBBIES,0,0,0
day_of_week,DeepLIFTSHAP,31.314833,HOUSEHOLD,-0.68548757,-5.95E-08,17.162064
state_ur,DeepLIFTSHAP,23.234034,HOUSEHOLD,2.9008281,2.52E-07,31.172329
state_cpi,DeepLIFTSHAP,10.379645,HOUSEHOLD,-7.747409,-6.73E-07,11.024309
state_gas_price,DeepLIFTSHAP,7.358393,HOUSEHOLD,-8.194701,-7.12E-07,8.988058
consumer_sentiment,DeepLIFTSHAP,7.065452,HOUSEHOLD,7.1891637,6.25E-07,12.634166
month,DeepLIFTSHAP,6.3774834,HOUSEHOLD,-7.010831,-6.09E-07,6.3989887
day_of_month,DeepLIFTSHAP,5.7124686,HOUSEHOLD,45.82844,3.98E-06,4.76082
state_snap,DeepLIFTSHAP,4.760081,HOUSEHOLD,61.108543,5.31E-06,3.315864
event_type_1,DeepLIFTSHAP,1.5555564,HOUSEHOLD,2.9543264,2.57E-07,1.5571905
sell_price,DeepLIFTSHAP,1.195411,HOUSEHOLD,1.2767013,1.11E-07,1.0730164
event_name_1,DeepLIFTSHAP,1.040025,HOUSEHOLD,2.3700645,2.06E-07,1.6883222
state_gas_wow_delta,DeepLIFTSHAP,0.006624778,HOUSEHOLD,0.010369065,9.01E-10,0.2248769
state_ur_mom_delta,DeepLIFTSHAP,0,HOUSEHOLD,0,0,0
state_cpi_mom_delta,DeepLIFTSHAP,0,HOUSEHOLD,0,0,0
event_type_2,DeepLIFTSHAP,0,HOUSEHOLD,0,0,0
event_name_2,DeepLIFTSHAP,0,HOUSEHOLD,0,0,0
item_category,DeepLIFTSHAP,0,HOUSEHOLD,0,0,0
